particle,t,xpos,ypos
0,0,0.5,0.5
0,2,0.5,0.5
1,0,0.5,0.5
1,2,0.5,0.5
2,0,0.5,0.5
2,2,0.5,0.5
3,0,0.5,0.5
3,2,0.5,0.5
4,0,0.5,0.5
4,2,0.5,0.5
5,0,0.5,0.5
5,2,0.5,0.5
6,0,0.5,0.5
6,2,0.5,0.5
7,0,0.5,0.5
7,2,0.5,0.5
8,0,0.5,0.5
8,2,0.5,0.5
9,0,0.5,0.5
9,2,0.5,0.5
10,0,0.5,0.5
10,2,0.5,0.5
11,0,0.5,0.5
11,2,0.5,0.5
12,0,0.5,0.5
12,2,0.5,0.5
13,0,0.5,0.5
13,2,0.5,0.5
14,0,0.5,0.5
14,2,0.5,0.5
15,0,0.5,0.5
15,2,0.5,0.5
16,0,0.5,0.5
16,2,0.5,0.5
17,0,0.5,0.5
17,2,0.5,0.5
18,0,0.5,0.5
18,2,0.5,0.5
19,0,0.5,0.5
19,2,1.5,0.5
20,0,1.5,0.5
20,2,1.5,0.5
21,0,1.5,0.5
21,2,1.5,0.5
22,0,1.5,0.5
22,2,1.5,0.5
23,0,1.5,0.5
23,2,1.5,0.5
24,0,1.5,0.5
24,2,1.5,0.5
25,0,1.5,0.5
25,2,1.5,0.5
26,0,1.5,0.5
26,2,1.5,0.5
27,0,1.5,0.5
27,2,1.5,0.5
28,0,1.5,0.5
28,2,1.5,0.5
29,0,1.5,0.5
29,2,1.5,0.5
30,0,1.5,0.5
30,2,1.5,0.5
31,0,1.5,0.5
31,2,1.5,0.5
32,0,1.5,0.5
32,2,1.5,0.5
33,0,1.5,0.5
33,2,1.5,0.5
34,0,1.5,0.5
34,2,1.5,0.5
35,0,1.5,0.5
35,2,1.5,0.5
36,0,1.5,0.5
36,2,1.5,0.5
37,0,1.5,0.5
37,2,1.5,0.5
38,0,1.5,0.5
38,2,1.5,0.5
39,0,1.5,0.5
39,2,2.5,0.5
40,0,2.5,0.5
40,2,2.5,0.5
41,0,2.5,0.5
41,2,2.5,0.5
42,0,2.5,0.5
42,2,2.5,0.5
43,0,2.5,0.5
43,2,2.5,0.5
44,0,2.5,0.5
44,2,2.5,0.5
45,0,2.5,0.5
45,2,2.5,0.5
46,0,2.5,0.5
46,2,2.5,0.5
47,0,2.5,0.5
47,2,2.5,0.5
48,0,2.5,0.5
48,2,2.5,0.5
49,0,2.5,0.5
49,2,2.5,0.5
50,0,2.5,0.5
50,2,2.5,0.5
51,0,2.5,0.5
51,2,2.5,0.5
52,0,2.5,0.5
52,2,2.5,0.5
53,0,2.5,0.5
53,2,2.5,0.5
54,0,2.5,0.5
54,2,2.5,0.5
55,0,2.5,0.5
55,2,2.5,0.5
56,0,2.5,0.5
56,2,2.5,0.5
57,0,2.5,0.5
57,2,2.5,0.5
58,0,2.5,0.5
58,2,2.5,0.5
59,0,2.5,0.5
59,2,3.5,0.5
60,0,3.5,0.5
60,2,3.5,0.5
61,0,3.5,0.5
61,2,3.5,0.5
62,0,3.5,0.5
62,2,3.5,0.5
63,0,3.5,0.5
63,2,3.5,0.5
64,0,3.5,0.5
64,2,3.5,0.5
65,0,3.5,0.5
65,2,3.5,0.5
66,0,3.5,0.5
66,2,3.5,0.5
67,0,3.5,0.5
67,2,3.5,0.5
68,0,3.5,0.5
68,2,3.5,0.5
69,0,3.5,0.5
69,2,3.5,0.5
70,0,3.5,0.5
70,2,3.5,0.5
71,0,3.5,0.5
71,2,3.5,0.5
72,0,3.5,0.5
72,2,3.5,0.5
73,0,3.5,0.5
73,2,3.5,0.5
74,0,3.5,0.5
74,2,3.5,0.5
75,0,3.5,0.5
75,2,3.5,0.5
76,0,3.5,0.5
76,2,3.5,0.5
77,0,3.5,0.5
77,2,3.5,0.5
78,0,3.5,0.5
78,2,3.5,0.5
79,0,3.5,0.5
79,2,4.5,0.5
80,0,4.5,0.5
80,2,4.5,0.5
81,0,4.5,0.5
81,2,4.5,0.5
82,0,4.5,0.5
82,2,4.5,0.5
83,0,4.5,0.5
83,2,4.5,0.5
84,0,4.5,0.5
84,2,4.5,0.5
85,0,4.5,0.5
85,2,4.5,0.5
86,0,4.5,0.5
86,2,4.5,0.5
87,0,4.5,0.5
87,2,4.5,0.5
88,0,4.5,0.5
88,2,4.5,0.5
89,0,4.5,0.5
89,2,4.5,0.5
90,0,4.5,0.5
90,2,4.5,0.5
91,0,4.5,0.5
91,2,4.5,0.5
92,0,4.5,0.5
92,2,4.5,0.5
93,0,4.5,0.5
93,2,4.5,0.5
94,0,4.5,0.5
94,2,4.5,0.5
95,0,4.5,0.5
95,2,4.5,0.5
96,0,4.5,0.5
96,2,4.5,0.5
97,0,4.5,0.5
97,2,4.5,0.5
98,0,4.5,0.5
98,2,4.5,0.5
99,0,4.5,0.5
99,2,5.5,0.5
100,0,5.5,0.5
100,2,5.5,0.5
101,0,5.5,0.5
101,2,5.5,0.5
102,0,5.5,0.5
102,2,5.5,0.5
103,0,5.5,0.5
103,2,5.5,0.5
104,0,5.5,0.5
104,2,5.5,0.5
105,0,5.5,0.5
105,2,5.5,0.5
106,0,5.5,0.5
106,2,5.5,0.5
107,0,5.5,0.5
107,2,5.5,0.5
108,0,5.5,0.5
108,2,5.5,0.5
109,0,5.5,0.5
109,2,5.5,0.5
110,0,5.5,0.5
110,2,5.5,0.5
111,0,5.5,0.5
111,2,5.5,0.5
112,0,5.5,0.5
112,2,5.5,0.5
113,0,5.5,0.5
113,2,5.5,0.5
114,0,5.5,0.5
114,2,5.5,0.5
115,0,5.5,0.5
115,2,5.5,0.5
116,0,5.5,0.5
116,2,5.5,0.5
117,0,5.5,0.5
117,2,5.5,0.5
118,0,5.5,0.5
118,2,5.5,0.5
119,0,5.5,0.5
119,2,6.5,0.5
120,0,6.5,0.5
120,2,6.5,0.5
121,0,6.5,0.5
121,2,6.5,0.5
122,0,6.5,0.5
122,2,6.5,0.5
123,0,6.5,0.5
123,2,6.5,0.5
124,0,6.5,0.5
124,2,6.5,0.5
125,0,6.5,0.5
125,2,6.5,0.5
126,0,6.5,0.5
126,2,6.5,0.5
127,0,6.5,0.5
127,2,6.5,0.5
128,0,6.5,0.5
128,2,6.5,0.5
129,0,6.5,0.5
129,2,6.5,0.5
130,0,6.5,0.5
130,2,6.5,0.5
131,0,6.5,0.5
131,2,6.5,0.5
132,0,6.5,0.5
132,2,6.5,0.5
133,0,6.5,0.5
133,2,6.5,0.5
134,0,6.5,0.5
134,2,6.5,0.5
135,0,6.5,0.5
135,2,6.5,0.5
136,0,6.5,0.5
136,2,6.5,0.5
137,0,6.5,0.5
137,2,6.5,0.5
138,0,6.5,0.5
138,2,6.5,0.5
139,0,6.5,0.5
139,2,7.5,0.5
140,0,7.5,0.5
140,2,7.5,0.5
141,0,7.5,0.5
141,2,7.5,0.5
142,0,7.5,0.5
142,2,7.5,0.5
143,0,7.5,0.5
143,2,7.5,0.5
144,0,7.5,0.5
144,2,7.5,0.5
145,0,7.5,0.5
145,2,7.5,0.5
146,0,7.5,0.5
146,2,7.5,0.5
147,0,7.5,0.5
147,2,7.5,0.5
148,0,7.5,0.5
148,2,7.5,0.5
149,0,7.5,0.5
149,2,7.5,0.5
150,0,7.5,0.5
150,2,7.5,0.5
151,0,7.5,0.5
151,2,7.5,0.5
152,0,7.5,0.5
152,2,7.5,0.5
153,0,7.5,0.5
153,2,7.5,0.5
154,0,7.5,0.5
154,2,7.5,0.5
155,0,7.5,0.5
155,2,7.5,0.5
156,0,7.5,0.5
156,2,7.5,0.5
157,0,7.5,0.5
157,2,7.5,0.5
158,0,7.5,0.5
158,2,7.5,0.5
159,0,7.5,0.5
159,2,8.5,0.5
160,0,8.5,0.5
160,2,8.5,0.5
161,0,8.5,0.5
161,2,8.5,0.5
162,0,8.5,0.5
162,2,8.5,0.5
163,0,8.5,0.5
163,2,8.5,0.5
164,0,8.5,0.5
164,2,8.5,0.5
165,0,8.5,0.5
165,2,8.5,0.5
166,0,8.5,0.5
166,2,8.5,0.5
167,0,8.5,0.5
167,2,8.5,0.5
168,0,8.5,0.5
168,2,8.5,0.5
169,0,8.5,0.5
169,2,8.5,0.5
170,0,8.5,0.5
170,2,8.5,0.5
171,0,8.5,0.5
171,2,8.5,0.5
172,0,8.5,0.5
172,2,8.5,0.5
173,0,8.5,0.5
173,2,8.5,0.5
174,0,8.5,0.5
174,2,8.5,0.5
175,0,8.5,0.5
175,2,8.5,0.5
176,0,8.5,0.5
176,2,8.5,0.5
177,0,8.5,0.5
177,2,8.5,0.5
178,0,8.5,0.5
178,2,8.5,0.5
179,0,8.5,0.5
179,2,9.5,0.5
180,0,9.5,0.5
180,2,9.5,0.5
181,0,9.5,0.5
181,2,9.5,0.5
182,0,9.5,0.5
182,2,9.5,0.5
183,0,9.5,0.5
183,2,9.5,0.5
184,0,9.5,0.5
184,2,9.5,0.5
185,0,9.5,0.5
185,2,9.5,0.5
186,0,9.5,0.5
186,2,9.5,0.5
187,0,9.5,0.5
187,2,9.5,0.5
188,0,9.5,0.5
188,2,9.5,0.5
189,0,9.5,0.5
189,2,9.5,0.5
190,0,9.5,0.5
190,2,9.5,0.5
191,0,9.5,0.5
191,2,9.5,0.5
192,0,9.5,0.5
192,2,9.5,0.5
193,0,9.5,0.5
193,2,9.5,0.5
194,0,9.5,0.5
194,2,9.5,0.5
195,0,9.5,0.5
195,2,9.5,0.5
196,0,9.5,0.5
196,2,9.5,0.5
197,0,9.5,0.5
197,2,9.5,0.5
198,0,9.5,0.5
198,2,9.5,0.5
199,0,9.5,0.5
199,2,10.5,0.5
200,0,10.5,0.5
200,2,10.5,0.5
201,0,10.5,0.5
201,2,10.5,0.5
202,0,10.5,0.5
202,2,10.5,0.5
203,0,10.5,0.5
203,2,10.5,0.5
204,0,10.5,0.5
204,2,10.5,0.5
205,0,10.5,0.5
205,2,10.5,0.5
206,0,10.5,0.5
206,2,10.5,0.5
207,0,10.5,0.5
207,2,10.5,0.5
208,0,10.5,0.5
208,2,10.5,0.5
209,0,10.5,0.5
209,2,10.5,0.5
210,0,10.5,0.5
210,2,10.5,0.5
211,0,10.5,0.5
211,2,10.5,0.5
212,0,10.5,0.5
212,2,10.5,0.5
213,0,10.5,0.5
213,2,10.5,0.5
214,0,10.5,0.5
214,2,10.5,0.5
215,0,10.5,0.5
215,2,10.5,0.5
216,0,10.5,0.5
216,2,10.5,0.5
217,0,10.5,0.5
217,2,10.5,0.5
218,0,10.5,0.5
218,2,10.5,0.5
219,0,10.5,0.5
219,2,9.5,0.5
220,0,0.5,1.5
220,2,0.5,1.5
221,0,0.5,1.5
221,2,0.5,1.5
222,0,0.5,1.5
222,2,0.5,1.5
223,0,0.5,1.5
223,2,0.5,1.5
224,0,0.5,1.5
224,2,0.5,1.5
225,0,0.5,1.5
225,2,0.5,1.5
226,0,0.5,1.5
226,2,0.5,1.5
227,0,0.5,1.5
227,2,0.5,1.5
228,0,0.5,1.5
228,2,0.5,1.5
229,0,0.5,1.5
229,2,0.5,1.5
230,0,0.5,1.5
230,2,0.5,1.5
231,0,0.5,1.5
231,2,0.5,1.5
232,0,0.5,1.5
232,2,0.5,1.5
233,0,0.5,1.5
233,2,0.5,1.5
234,0,0.5,1.5
234,2,0.5,1.5
235,0,0.5,1.5
235,2,0.5,1.5
236,0,0.5,1.5
236,2,0.5,1.5
237,0,0.5,1.5
237,2,0.5,1.5
238,0,0.5,1.5
238,2,1.5,1.5
239,0,0.5,1.5
239,2,1.5,1.5
240,0,1.5,1.5
240,2,1.5,1.5
241,0,1.5,1.5
241,2,1.5,1.5
242,0,1.5,1.5
242,2,1.5,1.5
243,0,1.5,1.5
243,2,1.5,1.5
244,0,1.5,1.5
244,2,1.5,1.5
245,0,1.5,1.5
245,2,1.5,1.5
246,0,1.5,1.5
246,2,1.5,1.5
247,0,1.5,1.5
247,2,1.5,1.5
248,0,1.5,1.5
248,2,1.5,1.5
249,0,1.5,1.5
249,2,1.5,1.5
250,0,1.5,1.5
250,2,1.5,1.5
251,0,1.5,1.5
251,2,1.5,1.5
252,0,1.5,1.5
252,2,1.5,1.5
253,0,1.5,1.5
253,2,1.5,1.5
254,0,1.5,1.5
254,2,1.5,1.5
255,0,1.5,1.5
255,2,1.5,1.5
256,0,1.5,1.5
256,2,1.5,1.5
257,0,1.5,1.5
257,2,1.5,1.5
258,0,1.5,1.5
258,2,2.5,1.5
259,0,1.5,1.5
259,2,2.5,1.5
260,0,2.5,1.5
260,2,2.5,1.5
261,0,2.5,1.5
261,2,2.5,1.5
262,0,2.5,1.5
262,2,2.5,1.5
263,0,2.5,1.5
263,2,2.5,1.5
264,0,2.5,1.5
264,2,2.5,1.5
265,0,2.5,1.5
265,2,2.5,1.5
266,0,2.5,1.5
266,2,2.5,1.5
267,0,2.5,1.5
267,2,2.5,1.5
268,0,2.5,1.5
268,2,2.5,1.5
269,0,2.5,1.5
269,2,2.5,1.5
270,0,2.5,1.5
270,2,2.5,1.5
271,0,2.5,1.5
271,2,2.5,1.5
272,0,2.5,1.5
272,2,2.5,1.5
273,0,2.5,1.5
273,2,2.5,1.5
274,0,2.5,1.5
274,2,2.5,1.5
275,0,2.5,1.5
275,2,2.5,1.5
276,0,2.5,1.5
276,2,2.5,1.5
277,0,2.5,1.5
277,2,2.5,1.5
278,0,2.5,1.5
278,2,3.5,1.5
279,0,2.5,1.5
279,2,3.5,1.5
280,0,3.5,1.5
280,2,3.5,1.5
281,0,3.5,1.5
281,2,3.5,1.5
282,0,3.5,1.5
282,2,3.5,1.5
283,0,3.5,1.5
283,2,3.5,1.5
284,0,3.5,1.5
284,2,3.5,1.5
285,0,3.5,1.5
285,2,3.5,1.5
286,0,3.5,1.5
286,2,3.5,1.5
287,0,3.5,1.5
287,2,3.5,1.5
288,0,3.5,1.5
288,2,3.5,1.5
289,0,3.5,1.5
289,2,3.5,1.5
290,0,3.5,1.5
290,2,3.5,1.5
291,0,3.5,1.5
291,2,3.5,1.5
292,0,3.5,1.5
292,2,3.5,1.5
293,0,3.5,1.5
293,2,3.5,1.5
294,0,3.5,1.5
294,2,3.5,1.5
295,0,3.5,1.5
295,2,3.5,1.5
296,0,3.5,1.5
296,2,3.5,1.5
297,0,3.5,1.5
297,2,3.5,1.5
298,0,3.5,1.5
298,2,4.5,1.5
299,0,3.5,1.5
299,2,4.5,1.5
300,0,4.5,1.5
300,2,4.5,1.5
301,0,4.5,1.5
301,2,4.5,1.5
302,0,4.5,1.5
302,2,4.5,1.5
303,0,4.5,1.5
303,2,4.5,1.5
304,0,4.5,1.5
304,2,4.5,1.5
305,0,4.5,1.5
305,2,4.5,1.5
306,0,4.5,1.5
306,2,4.5,1.5
307,0,4.5,1.5
307,2,4.5,1.5
308,0,4.5,1.5
308,2,4.5,1.5
309,0,4.5,1.5
309,2,4.5,1.5
310,0,4.5,1.5
310,2,4.5,1.5
311,0,4.5,1.5
311,2,4.5,1.5
312,0,4.5,1.5
312,2,4.5,1.5
313,0,4.5,1.5
313,2,4.5,1.5
314,0,4.5,1.5
314,2,4.5,1.5
315,0,4.5,1.5
315,2,4.5,1.5
316,0,4.5,1.5
316,2,4.5,1.5
317,0,4.5,1.5
317,2,4.5,1.5
318,0,4.5,1.5
318,2,5.5,1.5
319,0,4.5,1.5
319,2,5.5,1.5
320,0,5.5,1.5
320,2,5.5,1.5
321,0,5.5,1.5
321,2,5.5,1.5
322,0,5.5,1.5
322,2,5.5,1.5
323,0,5.5,1.5
323,2,5.5,1.5
324,0,5.5,1.5
324,2,5.5,1.5
325,0,5.5,1.5
325,2,5.5,1.5
326,0,5.5,1.5
326,2,5.5,1.5
327,0,5.5,1.5
327,2,5.5,1.5
328,0,5.5,1.5
328,2,5.5,1.5
329,0,5.5,1.5
329,2,5.5,1.5
330,0,5.5,1.5
330,2,5.5,1.5
331,0,5.5,1.5
331,2,5.5,1.5
332,0,5.5,1.5
332,2,5.5,1.5
333,0,5.5,1.5
333,2,5.5,1.5
334,0,5.5,1.5
334,2,5.5,1.5
335,0,5.5,1.5
335,2,5.5,1.5
336,0,5.5,1.5
336,2,5.5,1.5
337,0,5.5,1.5
337,2,5.5,1.5
338,0,5.5,1.5
338,2,6.5,1.5
339,0,5.5,1.5
339,2,6.5,1.5
340,0,6.5,1.5
340,2,6.5,1.5
341,0,6.5,1.5
341,2,6.5,1.5
342,0,6.5,1.5
342,2,6.5,1.5
343,0,6.5,1.5
343,2,6.5,1.5
344,0,6.5,1.5
344,2,6.5,1.5
345,0,6.5,1.5
345,2,6.5,1.5
346,0,6.5,1.5
346,2,6.5,1.5
347,0,6.5,1.5
347,2,6.5,1.5
348,0,6.5,1.5
348,2,6.5,1.5
349,0,6.5,1.5
349,2,6.5,1.5
350,0,6.5,1.5
350,2,6.5,1.5
351,0,6.5,1.5
351,2,6.5,1.5
352,0,6.5,1.5
352,2,6.5,1.5
353,0,6.5,1.5
353,2,6.5,1.5
354,0,6.5,1.5
354,2,6.5,1.5
355,0,6.5,1.5
355,2,6.5,1.5
356,0,6.5,1.5
356,2,6.5,1.5
357,0,6.5,1.5
357,2,6.5,1.5
358,0,6.5,1.5
358,2,7.5,1.5
359,0,6.5,1.5
359,2,7.5,1.5
360,0,7.5,1.5
360,2,7.5,1.5
361,0,7.5,1.5
361,2,7.5,1.5
362,0,7.5,1.5
362,2,7.5,1.5
363,0,7.5,1.5
363,2,7.5,1.5
364,0,7.5,1.5
364,2,7.5,1.5
365,0,7.5,1.5
365,2,7.5,1.5
366,0,7.5,1.5
366,2,7.5,1.5
367,0,7.5,1.5
367,2,7.5,1.5
368,0,7.5,1.5
368,2,7.5,1.5
369,0,7.5,1.5
369,2,7.5,1.5
370,0,7.5,1.5
370,2,7.5,1.5
371,0,7.5,1.5
371,2,7.5,1.5
372,0,7.5,1.5
372,2,7.5,1.5
373,0,7.5,1.5
373,2,7.5,1.5
374,0,7.5,1.5
374,2,7.5,1.5
375,0,7.5,1.5
375,2,7.5,1.5
376,0,7.5,1.5
376,2,7.5,1.5
377,0,7.5,1.5
377,2,7.5,1.5
378,0,7.5,1.5
378,2,8.5,1.5
379,0,7.5,1.5
379,2,8.5,1.5
380,0,8.5,1.5
380,2,8.5,1.5
381,0,8.5,1.5
381,2,8.5,1.5
382,0,8.5,1.5
382,2,8.5,1.5
383,0,8.5,1.5
383,2,8.5,1.5
384,0,8.5,1.5
384,2,8.5,1.5
385,0,8.5,1.5
385,2,8.5,1.5
386,0,8.5,1.5
386,2,8.5,1.5
387,0,8.5,1.5
387,2,8.5,1.5
388,0,8.5,1.5
388,2,8.5,1.5
389,0,8.5,1.5
389,2,8.5,1.5
390,0,8.5,1.5
390,2,8.5,1.5
391,0,8.5,1.5
391,2,8.5,1.5
392,0,8.5,1.5
392,2,8.5,1.5
393,0,8.5,1.5
393,2,8.5,1.5
394,0,8.5,1.5
394,2,8.5,1.5
395,0,8.5,1.5
395,2,8.5,1.5
396,0,8.5,1.5
396,2,8.5,1.5
397,0,8.5,1.5
397,2,8.5,1.5
398,0,8.5,1.5
398,2,9.5,1.5
399,0,8.5,1.5
399,2,9.5,1.5
400,0,9.5,1.5
400,2,9.5,1.5
401,0,9.5,1.5
401,2,9.5,1.5
402,0,9.5,1.5
402,2,9.5,1.5
403,0,9.5,1.5
403,2,9.5,1.5
404,0,9.5,1.5
404,2,9.5,1.5
405,0,9.5,1.5
405,2,9.5,1.5
406,0,9.5,1.5
406,2,9.5,1.5
407,0,9.5,1.5
407,2,9.5,1.5
408,0,9.5,1.5
408,2,9.5,1.5
409,0,9.5,1.5
409,2,9.5,1.5
410,0,9.5,1.5
410,2,9.5,1.5
411,0,9.5,1.5
411,2,9.5,1.5
412,0,9.5,1.5
412,2,9.5,1.5
413,0,9.5,1.5
413,2,9.5,1.5
414,0,9.5,1.5
414,2,9.5,1.5
415,0,9.5,1.5
415,2,9.5,1.5
416,0,9.5,1.5
416,2,9.5,1.5
417,0,9.5,1.5
417,2,9.5,1.5
418,0,9.5,1.5
418,2,10.5,1.5
419,0,9.5,1.5
419,2,10.5,1.5
420,0,10.5,1.5
420,2,10.5,1.5
421,0,10.5,1.5
421,2,10.5,1.5
422,0,10.5,1.5
422,2,10.5,1.5
423,0,10.5,1.5
423,2,10.5,1.5
424,0,10.5,1.5
424,2,10.5,1.5
425,0,10.5,1.5
425,2,10.5,1.5
426,0,10.5,1.5
426,2,10.5,1.5
427,0,10.5,1.5
427,2,10.5,1.5
428,0,10.5,1.5
428,2,10.5,1.5
429,0,10.5,1.5
429,2,10.5,1.5
430,0,10.5,1.5
430,2,10.5,1.5
431,0,10.5,1.5
431,2,10.5,1.5
432,0,10.5,1.5
432,2,10.5,1.5
433,0,10.5,1.5
433,2,10.5,1.5
434,0,10.5,1.5
434,2,10.5,1.5
435,0,10.5,1.5
435,2,10.5,1.5
436,0,10.5,1.5
436,2,10.5,1.5
437,0,10.5,1.5
437,2,10.5,1.5
438,0,10.5,1.5
438,2,9.5,1.5
439,0,10.5,1.5
439,2,9.5,1.5
440,0,0.5,2.5
440,2,0.5,2.5
441,0,0.5,2.5
441,2,0.5,2.5
442,0,0.5,2.5
442,2,0.5,2.5
443,0,0.5,2.5
443,2,0.5,2.5
444,0,0.5,2.5
444,2,0.5,2.5
445,0,0.5,2.5
445,2,0.5,2.5
446,0,0.5,2.5
446,2,0.5,2.5
447,0,0.5,2.5
447,2,0.5,2.5
448,0,0.5,2.5
448,2,0.5,2.5
449,0,0.5,2.5
449,2,0.5,2.5
450,0,0.5,2.5
450,2,0.5,2.5
451,0,0.5,2.5
451,2,0.5,2.5
452,0,0.5,2.5
452,2,0.5,2.5
453,0,0.5,2.5
453,2,0.5,2.5
454,0,0.5,2.5
454,2,0.5,2.5
455,0,0.5,2.5
455,2,0.5,2.5
456,0,0.5,2.5
456,2,1.5,2.5
457,0,0.5,2.5
457,2,1.5,2.5
458,0,0.5,2.5
458,2,1.5,2.5
459,0,0.5,2.5
459,2,1.5,2.5
460,0,1.5,2.5
460,2,1.5,2.5
461,0,1.5,2.5
461,2,1.5,2.5
462,0,1.5,2.5
462,2,1.5,2.5
463,0,1.5,2.5
463,2,1.5,2.5
464,0,1.5,2.5
464,2,1.5,2.5
465,0,1.5,2.5
465,2,1.5,2.5
466,0,1.5,2.5
466,2,1.5,2.5
467,0,1.5,2.5
467,2,1.5,2.5
468,0,1.5,2.5
468,2,1.5,2.5
469,0,1.5,2.5
469,2,1.5,2.5
470,0,1.5,2.5
470,2,1.5,2.5
471,0,1.5,2.5
471,2,1.5,2.5
472,0,1.5,2.5
472,2,1.5,2.5
473,0,1.5,2.5
473,2,1.5,2.5
474,0,1.5,2.5
474,2,1.5,2.5
475,0,1.5,2.5
475,2,1.5,2.5
476,0,1.5,2.5
476,2,2.5,2.5
477,0,1.5,2.5
477,2,2.5,2.5
478,0,1.5,2.5
478,2,2.5,2.5
479,0,1.5,2.5
479,2,2.5,2.5
480,0,2.5,2.5
480,2,2.5,2.5
481,0,2.5,2.5
481,2,2.5,2.5
482,0,2.5,2.5
482,2,2.5,2.5
483,0,2.5,2.5
483,2,2.5,2.5
484,0,2.5,2.5
484,2,2.5,2.5
485,0,2.5,2.5
485,2,2.5,2.5
486,0,2.5,2.5
486,2,2.5,2.5
487,0,2.5,2.5
487,2,2.5,2.5
488,0,2.5,2.5
488,2,2.5,2.5
489,0,2.5,2.5
489,2,2.5,2.5
490,0,2.5,2.5
490,2,2.5,2.5
491,0,2.5,2.5
491,2,2.5,2.5
492,0,2.5,2.5
492,2,2.5,2.5
493,0,2.5,2.5
493,2,2.5,2.5
494,0,2.5,2.5
494,2,2.5,2.5
495,0,2.5,2.5
495,2,2.5,2.5
496,0,2.5,2.5
496,2,3.5,2.5
497,0,2.5,2.5
497,2,3.5,2.5
498,0,2.5,2.5
498,2,3.5,2.5
499,0,2.5,2.5
499,2,3.5,2.5
500,0,3.5,2.5
500,2,3.5,2.5
501,0,3.5,2.5
501,2,3.5,2.5
502,0,3.5,2.5
502,2,3.5,2.5
503,0,3.5,2.5
503,2,3.5,2.5
504,0,3.5,2.5
504,2,3.5,2.5
505,0,3.5,2.5
505,2,3.5,2.5
506,0,3.5,2.5
506,2,3.5,2.5
507,0,3.5,2.5
507,2,3.5,2.5
508,0,3.5,2.5
508,2,3.5,2.5
509,0,3.5,2.5
509,2,3.5,2.5
510,0,3.5,2.5
510,2,3.5,2.5
511,0,3.5,2.5
511,2,3.5,2.5
512,0,3.5,2.5
512,2,3.5,2.5
513,0,3.5,2.5
513,2,3.5,2.5
514,0,3.5,2.5
514,2,3.5,2.5
515,0,3.5,2.5
515,2,3.5,2.5
516,0,3.5,2.5
516,2,4.5,2.5
517,0,3.5,2.5
517,2,4.5,2.5
518,0,3.5,2.5
518,2,4.5,2.5
519,0,3.5,2.5
519,2,4.5,2.5
520,0,4.5,2.5
520,2,4.5,2.5
521,0,4.5,2.5
521,2,4.5,2.5
522,0,4.5,2.5
522,2,4.5,2.5
523,0,4.5,2.5
523,2,4.5,2.5
524,0,4.5,2.5
524,2,4.5,2.5
525,0,4.5,2.5
525,2,4.5,2.5
526,0,4.5,2.5
526,2,4.5,2.5
527,0,4.5,2.5
527,2,4.5,2.5
528,0,4.5,2.5
528,2,4.5,2.5
529,0,4.5,2.5
529,2,4.5,2.5
530,0,4.5,2.5
530,2,4.5,2.5
531,0,4.5,2.5
531,2,4.5,2.5
532,0,4.5,2.5
532,2,4.5,2.5
533,0,4.5,2.5
533,2,4.5,2.5
534,0,4.5,2.5
534,2,4.5,2.5
535,0,4.5,2.5
535,2,4.5,2.5
536,0,4.5,2.5
536,2,5.5,2.5
537,0,4.5,2.5
537,2,5.5,2.5
538,0,4.5,2.5
538,2,5.5,2.5
539,0,4.5,2.5
539,2,5.5,2.5
540,0,5.5,2.5
540,2,5.5,2.5
541,0,5.5,2.5
541,2,5.5,2.5
542,0,5.5,2.5
542,2,5.5,2.5
543,0,5.5,2.5
543,2,5.5,2.5
544,0,5.5,2.5
544,2,5.5,2.5
545,0,5.5,2.5
545,2,5.5,2.5
546,0,5.5,2.5
546,2,5.5,2.5
547,0,5.5,2.5
547,2,5.5,2.5
548,0,5.5,2.5
548,2,5.5,2.5
549,0,5.5,2.5
549,2,5.5,2.5
550,0,5.5,2.5
550,2,5.5,2.5
551,0,5.5,2.5
551,2,5.5,2.5
552,0,5.5,2.5
552,2,5.5,2.5
553,0,5.5,2.5
553,2,5.5,2.5
554,0,5.5,2.5
554,2,5.5,2.5
555,0,5.5,2.5
555,2,5.5,2.5
556,0,5.5,2.5
556,2,6.5,2.5
557,0,5.5,2.5
557,2,6.5,2.5
558,0,5.5,2.5
558,2,6.5,2.5
559,0,5.5,2.5
559,2,6.5,2.5
560,0,6.5,2.5
560,2,6.5,2.5
561,0,6.5,2.5
561,2,6.5,2.5
562,0,6.5,2.5
562,2,6.5,2.5
563,0,6.5,2.5
563,2,6.5,2.5
564,0,6.5,2.5
564,2,6.5,2.5
565,0,6.5,2.5
565,2,6.5,2.5
566,0,6.5,2.5
566,2,6.5,2.5
567,0,6.5,2.5
567,2,6.5,2.5
568,0,6.5,2.5
568,2,6.5,2.5
569,0,6.5,2.5
569,2,6.5,2.5
570,0,6.5,2.5
570,2,6.5,2.5
571,0,6.5,2.5
571,2,6.5,2.5
572,0,6.5,2.5
572,2,6.5,2.5
573,0,6.5,2.5
573,2,6.5,2.5
574,0,6.5,2.5
574,2,6.5,2.5
575,0,6.5,2.5
575,2,6.5,2.5
576,0,6.5,2.5
576,2,7.5,2.5
577,0,6.5,2.5
577,2,7.5,2.5
578,0,6.5,2.5
578,2,7.5,2.5
579,0,6.5,2.5
579,2,7.5,2.5
580,0,7.5,2.5
580,2,7.5,2.5
581,0,7.5,2.5
581,2,7.5,2.5
582,0,7.5,2.5
582,2,7.5,2.5
583,0,7.5,2.5
583,2,7.5,2.5
584,0,7.5,2.5
584,2,7.5,2.5
585,0,7.5,2.5
585,2,7.5,2.5
586,0,7.5,2.5
586,2,7.5,2.5
587,0,7.5,2.5
587,2,7.5,2.5
588,0,7.5,2.5
588,2,7.5,2.5
589,0,7.5,2.5
589,2,7.5,2.5
590,0,7.5,2.5
590,2,7.5,2.5
591,0,7.5,2.5
591,2,7.5,2.5
592,0,7.5,2.5
592,2,7.5,2.5
593,0,7.5,2.5
593,2,7.5,2.5
594,0,7.5,2.5
594,2,7.5,2.5
595,0,7.5,2.5
595,2,7.5,2.5
596,0,7.5,2.5
596,2,8.5,2.5
597,0,7.5,2.5
597,2,8.5,2.5
598,0,7.5,2.5
598,2,8.5,2.5
599,0,7.5,2.5
599,2,8.5,2.5
600,0,8.5,2.5
600,2,8.5,2.5
601,0,8.5,2.5
601,2,8.5,2.5
602,0,8.5,2.5
602,2,8.5,2.5
603,0,8.5,2.5
603,2,8.5,2.5
604,0,8.5,2.5
604,2,8.5,2.5
605,0,8.5,2.5
605,2,8.5,2.5
606,0,8.5,2.5
606,2,8.5,2.5
607,0,8.5,2.5
607,2,8.5,2.5
608,0,8.5,2.5
608,2,8.5,2.5
609,0,8.5,2.5
609,2,8.5,2.5
610,0,8.5,2.5
610,2,8.5,2.5
611,0,8.5,2.5
611,2,8.5,2.5
612,0,8.5,2.5
612,2,8.5,2.5
613,0,8.5,2.5
613,2,8.5,2.5
614,0,8.5,2.5
614,2,8.5,2.5
615,0,8.5,2.5
615,2,8.5,2.5
616,0,8.5,2.5
616,2,9.5,2.5
617,0,8.5,2.5
617,2,9.5,2.5
618,0,8.5,2.5
618,2,9.5,2.5
619,0,8.5,2.5
619,2,9.5,2.5
620,0,9.5,2.5
620,2,9.5,2.5
621,0,9.5,2.5
621,2,9.5,2.5
622,0,9.5,2.5
622,2,9.5,2.5
623,0,9.5,2.5
623,2,9.5,2.5
624,0,9.5,2.5
624,2,9.5,2.5
625,0,9.5,2.5
625,2,9.5,2.5
626,0,9.5,2.5
626,2,9.5,2.5
627,0,9.5,2.5
627,2,9.5,2.5
628,0,9.5,2.5
628,2,9.5,2.5
629,0,9.5,2.5
629,2,9.5,2.5
630,0,9.5,2.5
630,2,9.5,2.5
631,0,9.5,2.5
631,2,9.5,2.5
632,0,9.5,2.5
632,2,9.5,2.5
633,0,9.5,2.5
633,2,9.5,2.5
634,0,9.5,2.5
634,2,9.5,2.5
635,0,9.5,2.5
635,2,9.5,2.5
636,0,9.5,2.5
636,2,10.5,2.5
637,0,9.5,2.5
637,2,10.5,2.5
638,0,9.5,2.5
638,2,10.5,2.5
639,0,9.5,2.5
639,2,10.5,2.5
640,0,10.5,2.5
640,2,10.5,2.5
641,0,10.5,2.5
641,2,10.5,2.5
642,0,10.5,2.5
642,2,10.5,2.5
643,0,10.5,2.5
643,2,10.5,2.5
644,0,10.5,2.5
644,2,10.5,2.5
645,0,10.5,2.5
645,2,10.5,2.5
646,0,10.5,2.5
646,2,10.5,2.5
647,0,10.5,2.5
647,2,10.5,2.5
648,0,10.5,2.5
648,2,10.5,2.5
649,0,10.5,2.5
649,2,10.5,2.5
650,0,10.5,2.5
650,2,10.5,2.5
651,0,10.5,2.5
651,2,10.5,2.5
652,0,10.5,2.5
652,2,10.5,2.5
653,0,10.5,2.5
653,2,10.5,2.5
654,0,10.5,2.5
654,2,10.5,2.5
655,0,10.5,2.5
655,2,10.5,2.5
656,0,10.5,2.5
656,2,9.5,2.5
657,0,10.5,2.5
657,2,9.5,2.5
658,0,10.5,2.5
658,2,9.5,2.5
659,0,10.5,2.5
659,2,9.5,2.5
660,0,0.5,3.5
660,2,0.5,3.5
661,0,0.5,3.5
661,2,0.5,3.5
662,0,0.5,3.5
662,2,0.5,3.5
663,0,0.5,3.5
663,2,0.5,3.5
664,0,0.5,3.5
664,2,0.5,3.5
665,0,0.5,3.5
665,2,0.5,3.5
666,0,0.5,3.5
666,2,0.5,3.5
667,0,0.5,3.5
667,2,0.5,3.5
668,0,0.5,3.5
668,2,0.5,3.5
669,0,0.5,3.5
669,2,0.5,3.5
670,0,0.5,3.5
670,2,0.5,3.5
671,0,0.5,3.5
671,2,0.5,3.5
672,0,0.5,3.5
672,2,1.5,3.5
673,0,0.5,3.5
673,2,1.5,3.5
674,0,0.5,3.5
674,2,1.5,3.5
675,0,0.5,3.5
675,2,1.5,3.5
676,0,0.5,3.5
676,2,1.5,3.5
677,0,0.5,3.5
677,2,1.5,3.5
678,0,0.5,3.5
678,2,1.5,3.5
679,0,0.5,3.5
679,2,1.5,3.5
680,0,1.5,3.5
680,2,1.5,3.5
681,0,1.5,3.5
681,2,1.5,3.5
682,0,1.5,3.5
682,2,1.5,3.5
683,0,1.5,3.5
683,2,1.5,3.5
684,0,1.5,3.5
684,2,1.5,3.5
685,0,1.5,3.5
685,2,1.5,3.5
686,0,1.5,3.5
686,2,1.5,3.5
687,0,1.5,3.5
687,2,1.5,3.5
688,0,1.5,3.5
688,2,1.5,3.5
689,0,1.5,3.5
689,2,1.5,3.5
690,0,1.5,3.5
690,2,1.5,3.5
691,0,1.5,3.5
691,2,1.5,3.5
692,0,1.5,3.5
692,2,2.5,3.5
693,0,1.5,3.5
693,2,2.5,3.5
694,0,1.5,3.5
694,2,2.5,3.5
695,0,1.5,3.5
695,2,2.5,3.5
696,0,1.5,3.5
696,2,2.5,3.5
697,0,1.5,3.5
697,2,2.5,3.5
698,0,1.5,3.5
698,2,2.5,3.5
699,0,1.5,3.5
699,2,2.5,3.5
700,0,2.5,3.5
700,2,2.5,3.5
701,0,2.5,3.5
701,2,2.5,3.5
702,0,2.5,3.5
702,2,2.5,3.5
703,0,2.5,3.5
703,2,2.5,3.5
704,0,2.5,3.5
704,2,2.5,3.5
705,0,2.5,3.5
705,2,2.5,3.5
706,0,2.5,3.5
706,2,2.5,3.5
707,0,2.5,3.5
707,2,2.5,3.5
708,0,2.5,3.5
708,2,2.5,3.5
709,0,2.5,3.5
709,2,2.5,3.5
710,0,2.5,3.5
710,2,2.5,3.5
711,0,2.5,3.5
711,2,2.5,3.5
712,0,2.5,3.5
712,2,3.5,3.5
713,0,2.5,3.5
713,2,3.5,3.5
714,0,2.5,3.5
714,2,3.5,3.5
715,0,2.5,3.5
715,2,3.5,3.5
716,0,2.5,3.5
716,2,3.5,3.5
717,0,2.5,3.5
717,2,3.5,3.5
718,0,2.5,3.5
718,2,3.5,3.5
719,0,2.5,3.5
719,2,3.5,3.5
720,0,3.5,3.5
720,2,3.5,3.5
721,0,3.5,3.5
721,2,3.5,3.5
722,0,3.5,3.5
722,2,3.5,3.5
723,0,3.5,3.5
723,2,3.5,3.5
724,0,3.5,3.5
724,2,3.5,3.5
725,0,3.5,3.5
725,2,3.5,3.5
726,0,3.5,3.5
726,2,3.5,3.5
727,0,3.5,3.5
727,2,3.5,3.5
728,0,3.5,3.5
728,2,3.5,3.5
729,0,3.5,3.5
729,2,3.5,3.5
730,0,3.5,3.5
730,2,3.5,3.5
731,0,3.5,3.5
731,2,3.5,3.5
732,0,3.5,3.5
732,2,4.5,3.5
733,0,3.5,3.5
733,2,4.5,3.5
734,0,3.5,3.5
734,2,4.5,3.5
735,0,3.5,3.5
735,2,4.5,3.5
736,0,3.5,3.5
736,2,4.5,3.5
737,0,3.5,3.5
737,2,4.5,3.5
738,0,3.5,3.5
738,2,4.5,3.5
739,0,3.5,3.5
739,2,4.5,3.5
740,0,4.5,3.5
740,2,4.5,3.5
741,0,4.5,3.5
741,2,4.5,3.5
742,0,4.5,3.5
742,2,4.5,3.5
743,0,4.5,3.5
743,2,4.5,3.5
744,0,4.5,3.5
744,2,4.5,3.5
745,0,4.5,3.5
745,2,4.5,3.5
746,0,4.5,3.5
746,2,4.5,3.5
747,0,4.5,3.5
747,2,4.5,3.5
748,0,4.5,3.5
748,2,4.5,3.5
749,0,4.5,3.5
749,2,4.5,3.5
750,0,4.5,3.5
750,2,4.5,3.5
751,0,4.5,3.5
751,2,4.5,3.5
752,0,4.5,3.5
752,2,5.5,3.5
753,0,4.5,3.5
753,2,5.5,3.5
754,0,4.5,3.5
754,2,5.5,3.5
755,0,4.5,3.5
755,2,5.5,3.5
756,0,4.5,3.5
756,2,5.5,3.5
757,0,4.5,3.5
757,2,5.5,3.5
758,0,4.5,3.5
758,2,5.5,3.5
759,0,4.5,3.5
759,2,5.5,3.5
760,0,5.5,3.5
760,2,5.5,3.5
761,0,5.5,3.5
761,2,5.5,3.5
762,0,5.5,3.5
762,2,5.5,3.5
763,0,5.5,3.5
763,2,5.5,3.5
764,0,5.5,3.5
764,2,5.5,3.5
765,0,5.5,3.5
765,2,5.5,3.5
766,0,5.5,3.5
766,2,5.5,3.5
767,0,5.5,3.5
767,2,5.5,3.5
768,0,5.5,3.5
768,2,5.5,3.5
769,0,5.5,3.5
769,2,5.5,3.5
770,0,5.5,3.5
770,2,5.5,3.5
771,0,5.5,3.5
771,2,5.5,3.5
772,0,5.5,3.5
772,2,6.5,3.5
773,0,5.5,3.5
773,2,6.5,3.5
774,0,5.5,3.5
774,2,6.5,3.5
775,0,5.5,3.5
775,2,6.5,3.5
776,0,5.5,3.5
776,2,6.5,3.5
777,0,5.5,3.5
777,2,6.5,3.5
778,0,5.5,3.5
778,2,6.5,3.5
779,0,5.5,3.5
779,2,6.5,3.5
780,0,6.5,3.5
780,2,6.5,3.5
781,0,6.5,3.5
781,2,6.5,3.5
782,0,6.5,3.5
782,2,6.5,3.5
783,0,6.5,3.5
783,2,6.5,3.5
784,0,6.5,3.5
784,2,6.5,3.5
785,0,6.5,3.5
785,2,6.5,3.5
786,0,6.5,3.5
786,2,6.5,3.5
787,0,6.5,3.5
787,2,6.5,3.5
788,0,6.5,3.5
788,2,6.5,3.5
789,0,6.5,3.5
789,2,6.5,3.5
790,0,6.5,3.5
790,2,6.5,3.5
791,0,6.5,3.5
791,2,6.5,3.5
792,0,6.5,3.5
792,2,7.5,3.5
793,0,6.5,3.5
793,2,7.5,3.5
794,0,6.5,3.5
794,2,7.5,3.5
795,0,6.5,3.5
795,2,7.5,3.5
796,0,6.5,3.5
796,2,7.5,3.5
797,0,6.5,3.5
797,2,7.5,3.5
798,0,6.5,3.5
798,2,7.5,3.5
799,0,6.5,3.5
799,2,7.5,3.5
800,0,7.5,3.5
800,2,7.5,3.5
801,0,7.5,3.5
801,2,7.5,3.5
802,0,7.5,3.5
802,2,7.5,3.5
803,0,7.5,3.5
803,2,7.5,3.5
804,0,7.5,3.5
804,2,7.5,3.5
805,0,7.5,3.5
805,2,7.5,3.5
806,0,7.5,3.5
806,2,7.5,3.5
807,0,7.5,3.5
807,2,7.5,3.5
808,0,7.5,3.5
808,2,7.5,3.5
809,0,7.5,3.5
809,2,7.5,3.5
810,0,7.5,3.5
810,2,7.5,3.5
811,0,7.5,3.5
811,2,7.5,3.5
812,0,7.5,3.5
812,2,8.5,3.5
813,0,7.5,3.5
813,2,8.5,3.5
814,0,7.5,3.5
814,2,8.5,3.5
815,0,7.5,3.5
815,2,8.5,3.5
816,0,7.5,3.5
816,2,8.5,3.5
817,0,7.5,3.5
817,2,8.5,3.5
818,0,7.5,3.5
818,2,8.5,3.5
819,0,7.5,3.5
819,2,8.5,3.5
820,0,8.5,3.5
820,2,8.5,3.5
821,0,8.5,3.5
821,2,8.5,3.5
822,0,8.5,3.5
822,2,8.5,3.5
823,0,8.5,3.5
823,2,8.5,3.5
824,0,8.5,3.5
824,2,8.5,3.5
825,0,8.5,3.5
825,2,8.5,3.5
826,0,8.5,3.5
826,2,8.5,3.5
827,0,8.5,3.5
827,2,8.5,3.5
828,0,8.5,3.5
828,2,8.5,3.5
829,0,8.5,3.5
829,2,8.5,3.5
830,0,8.5,3.5
830,2,8.5,3.5
831,0,8.5,3.5
831,2,8.5,3.5
832,0,8.5,3.5
832,2,9.5,3.5
833,0,8.5,3.5
833,2,9.5,3.5
834,0,8.5,3.5
834,2,9.5,3.5
835,0,8.5,3.5
835,2,9.5,3.5
836,0,8.5,3.5
836,2,9.5,3.5
837,0,8.5,3.5
837,2,9.5,3.5
838,0,8.5,3.5
838,2,9.5,3.5
839,0,8.5,3.5
839,2,9.5,3.5
840,0,9.5,3.5
840,2,9.5,3.5
841,0,9.5,3.5
841,2,9.5,3.5
842,0,9.5,3.5
842,2,9.5,3.5
843,0,9.5,3.5
843,2,9.5,3.5
844,0,9.5,3.5
844,2,9.5,3.5
845,0,9.5,3.5
845,2,9.5,3.5
846,0,9.5,3.5
846,2,9.5,3.5
847,0,9.5,3.5
847,2,9.5,3.5
848,0,9.5,3.5
848,2,9.5,3.5
849,0,9.5,3.5
849,2,9.5,3.5
850,0,9.5,3.5
850,2,9.5,3.5
851,0,9.5,3.5
851,2,9.5,3.5
852,0,9.5,3.5
852,2,10.5,3.5
853,0,9.5,3.5
853,2,10.5,3.5
854,0,9.5,3.5
854,2,10.5,3.5
855,0,9.5,3.5
855,2,10.5,3.5
856,0,9.5,3.5
856,2,10.5,3.5
857,0,9.5,3.5
857,2,10.5,3.5
858,0,9.5,3.5
858,2,10.5,3.5
859,0,9.5,3.5
859,2,10.5,3.5
860,0,10.5,3.5
860,2,10.5,3.5
861,0,10.5,3.5
861,2,10.5,3.5
862,0,10.5,3.5
862,2,10.5,3.5
863,0,10.5,3.5
863,2,10.5,3.5
864,0,10.5,3.5
864,2,10.5,3.5
865,0,10.5,3.5
865,2,10.5,3.5
866,0,10.5,3.5
866,2,10.5,3.5
867,0,10.5,3.5
867,2,10.5,3.5
868,0,10.5,3.5
868,2,10.5,3.5
869,0,10.5,3.5
869,2,10.5,3.5
870,0,10.5,3.5
870,2,10.5,3.5
871,0,10.5,3.5
871,2,10.5,3.5
872,0,10.5,3.5
872,2,9.5,3.5
873,0,10.5,3.5
873,2,9.5,3.5
874,0,10.5,3.5
874,2,9.5,3.5
875,0,10.5,3.5
875,2,9.5,3.5
876,0,10.5,3.5
876,2,9.5,3.5
877,0,10.5,3.5
877,2,9.5,3.5
878,0,10.5,3.5
878,2,9.5,3.5
879,0,10.5,3.5
879,2,9.5,3.5
880,0,0.5,4.5
880,2,0.5,4.5
881,0,0.5,4.5
881,2,0.5,4.5
882,0,0.5,4.5
882,2,0.5,4.5
883,0,0.5,4.5
883,2,0.5,4.5
884,0,0.5,4.5
884,2,0.5,4.5
885,0,0.5,4.5
885,2,0.5,4.5
886,0,0.5,4.5
886,2,0.5,4.5
887,0,0.5,4.5
887,2,1.5,4.5
888,0,0.5,4.5
888,2,1.5,4.5
889,0,0.5,4.5
889,2,1.5,4.5
890,0,0.5,4.5
890,2,1.5,4.5
891,0,0.5,4.5
891,2,1.5,4.5
892,0,0.5,4.5
892,2,1.5,4.5
893,0,0.5,4.5
893,2,1.5,4.5
894,0,0.5,4.5
894,2,1.5,4.5
895,0,0.5,4.5
895,2,1.5,4.5
896,0,0.5,4.5
896,2,1.5,4.5
897,0,0.5,4.5
897,2,1.5,4.5
898,0,0.5,4.5
898,2,1.5,4.5
899,0,0.5,4.5
899,2,1.5,4.5
900,0,1.5,4.5
900,2,1.5,4.5
901,0,1.5,4.5
901,2,1.5,4.5
902,0,1.5,4.5
902,2,1.5,4.5
903,0,1.5,4.5
903,2,1.5,4.5
904,0,1.5,4.5
904,2,1.5,4.5
905,0,1.5,4.5
905,2,1.5,4.5
906,0,1.5,4.5
906,2,1.5,4.5
907,0,1.5,4.5
907,2,2.5,4.5
908,0,1.5,4.5
908,2,2.5,4.5
909,0,1.5,4.5
909,2,2.5,4.5
910,0,1.5,4.5
910,2,2.5,4.5
911,0,1.5,4.5
911,2,2.5,4.5
912,0,1.5,4.5
912,2,2.5,4.5
913,0,1.5,4.5
913,2,2.5,4.5
914,0,1.5,4.5
914,2,2.5,4.5
915,0,1.5,4.5
915,2,2.5,4.5
916,0,1.5,4.5
916,2,2.5,4.5
917,0,1.5,4.5
917,2,2.5,4.5
918,0,1.5,4.5
918,2,2.5,4.5
919,0,1.5,4.5
919,2,2.5,4.5
920,0,2.5,4.5
920,2,2.5,4.5
921,0,2.5,4.5
921,2,2.5,4.5
922,0,2.5,4.5
922,2,2.5,4.5
923,0,2.5,4.5
923,2,2.5,4.5
924,0,2.5,4.5
924,2,2.5,4.5
925,0,2.5,4.5
925,2,2.5,4.5
926,0,2.5,4.5
926,2,2.5,4.5
927,0,2.5,4.5
927,2,3.5,4.5
928,0,2.5,4.5
928,2,3.5,4.5
929,0,2.5,4.5
929,2,3.5,4.5
930,0,2.5,4.5
930,2,3.5,4.5
931,0,2.5,4.5
931,2,3.5,4.5
932,0,2.5,4.5
932,2,3.5,4.5
933,0,2.5,4.5
933,2,3.5,4.5
934,0,2.5,4.5
934,2,3.5,4.5
935,0,2.5,4.5
935,2,3.5,4.5
936,0,2.5,4.5
936,2,3.5,4.5
937,0,2.5,4.5
937,2,3.5,4.5
938,0,2.5,4.5
938,2,3.5,4.5
939,0,2.5,4.5
939,2,3.5,4.5
940,0,3.5,4.5
940,2,3.5,4.5
941,0,3.5,4.5
941,2,3.5,4.5
942,0,3.5,4.5
942,2,3.5,4.5
943,0,3.5,4.5
943,2,3.5,4.5
944,0,3.5,4.5
944,2,3.5,4.5
945,0,3.5,4.5
945,2,3.5,4.5
946,0,3.5,4.5
946,2,3.5,4.5
947,0,3.5,4.5
947,2,4.5,4.5
948,0,3.5,4.5
948,2,4.5,4.5
949,0,3.5,4.5
949,2,4.5,4.5
950,0,3.5,4.5
950,2,4.5,4.5
951,0,3.5,4.5
951,2,4.5,4.5
952,0,3.5,4.5
952,2,4.5,4.5
953,0,3.5,4.5
953,2,4.5,4.5
954,0,3.5,4.5
954,2,4.5,4.5
955,0,3.5,4.5
955,2,4.5,4.5
956,0,3.5,4.5
956,2,4.5,4.5
957,0,3.5,4.5
957,2,4.5,4.5
958,0,3.5,4.5
958,2,4.5,4.5
959,0,3.5,4.5
959,2,4.5,4.5
960,0,4.5,4.5
960,2,4.5,4.5
961,0,4.5,4.5
961,2,4.5,4.5
962,0,4.5,4.5
962,2,4.5,4.5
963,0,4.5,4.5
963,2,4.5,4.5
964,0,4.5,4.5
964,2,4.5,4.5
965,0,4.5,4.5
965,2,4.5,4.5
966,0,4.5,4.5
966,2,4.5,4.5
967,0,4.5,4.5
967,2,5.5,4.5
968,0,4.5,4.5
968,2,5.5,4.5
969,0,4.5,4.5
969,2,5.5,4.5
970,0,4.5,4.5
970,2,5.5,4.5
971,0,4.5,4.5
971,2,5.5,4.5
972,0,4.5,4.5
972,2,5.5,4.5
973,0,4.5,4.5
973,2,5.5,4.5
974,0,4.5,4.5
974,2,5.5,4.5
975,0,4.5,4.5
975,2,5.5,4.5
976,0,4.5,4.5
976,2,5.5,4.5
977,0,4.5,4.5
977,2,5.5,4.5
978,0,4.5,4.5
978,2,5.5,4.5
979,0,4.5,4.5
979,2,5.5,4.5
980,0,5.5,4.5
980,2,5.5,4.5
981,0,5.5,4.5
981,2,5.5,4.5
982,0,5.5,4.5
982,2,5.5,4.5
983,0,5.5,4.5
983,2,5.5,4.5
984,0,5.5,4.5
984,2,5.5,4.5
985,0,5.5,4.5
985,2,5.5,4.5
986,0,5.5,4.5
986,2,5.5,4.5
987,0,5.5,4.5
987,2,6.5,4.5
988,0,5.5,4.5
988,2,6.5,4.5
989,0,5.5,4.5
989,2,6.5,4.5
990,0,5.5,4.5
990,2,6.5,4.5
991,0,5.5,4.5
991,2,6.5,4.5
992,0,5.5,4.5
992,2,6.5,4.5
993,0,5.5,4.5
993,2,6.5,4.5
994,0,5.5,4.5
994,2,6.5,4.5
995,0,5.5,4.5
995,2,6.5,4.5
996,0,5.5,4.5
996,2,6.5,4.5
997,0,5.5,4.5
997,2,6.5,4.5
998,0,5.5,4.5
998,2,6.5,4.5
999,0,5.5,4.5
999,2,6.5,4.5
1000,0,6.5,4.5
1000,2,6.5,4.5
1001,0,6.5,4.5
1001,2,6.5,4.5
1002,0,6.5,4.5
1002,2,6.5,4.5
1003,0,6.5,4.5
1003,2,6.5,4.5
1004,0,6.5,4.5
1004,2,6.5,4.5
1005,0,6.5,4.5
1005,2,6.5,4.5
1006,0,6.5,4.5
1006,2,6.5,4.5
1007,0,6.5,4.5
1007,2,7.5,4.5
1008,0,6.5,4.5
1008,2,7.5,4.5
1009,0,6.5,4.5
1009,2,7.5,4.5
1010,0,6.5,4.5
1010,2,7.5,4.5
1011,0,6.5,4.5
1011,2,7.5,4.5
1012,0,6.5,4.5
1012,2,7.5,4.5
1013,0,6.5,4.5
1013,2,7.5,4.5
1014,0,6.5,4.5
1014,2,7.5,4.5
1015,0,6.5,4.5
1015,2,7.5,4.5
1016,0,6.5,4.5
1016,2,7.5,4.5
1017,0,6.5,4.5
1017,2,7.5,4.5
1018,0,6.5,4.5
1018,2,7.5,4.5
1019,0,6.5,4.5
1019,2,7.5,4.5
1020,0,7.5,4.5
1020,2,7.5,4.5
1021,0,7.5,4.5
1021,2,7.5,4.5
1022,0,7.5,4.5
1022,2,7.5,4.5
1023,0,7.5,4.5
1023,2,7.5,4.5
1024,0,7.5,4.5
1024,2,7.5,4.5
1025,0,7.5,4.5
1025,2,7.5,4.5
1026,0,7.5,4.5
1026,2,7.5,4.5
1027,0,7.5,4.5
1027,2,8.5,4.5
1028,0,7.5,4.5
1028,2,8.5,4.5
1029,0,7.5,4.5
1029,2,8.5,4.5
1030,0,7.5,4.5
1030,2,8.5,4.5
1031,0,7.5,4.5
1031,2,8.5,4.5
1032,0,7.5,4.5
1032,2,8.5,4.5
1033,0,7.5,4.5
1033,2,8.5,4.5
1034,0,7.5,4.5
1034,2,8.5,4.5
1035,0,7.5,4.5
1035,2,8.5,4.5
1036,0,7.5,4.5
1036,2,8.5,4.5
1037,0,7.5,4.5
1037,2,8.5,4.5
1038,0,7.5,4.5
1038,2,8.5,4.5
1039,0,7.5,4.5
1039,2,8.5,4.5
1040,0,8.5,4.5
1040,2,8.5,4.5
1041,0,8.5,4.5
1041,2,8.5,4.5
1042,0,8.5,4.5
1042,2,8.5,4.5
1043,0,8.5,4.5
1043,2,8.5,4.5
1044,0,8.5,4.5
1044,2,8.5,4.5
1045,0,8.5,4.5
1045,2,8.5,4.5
1046,0,8.5,4.5
1046,2,8.5,4.5
1047,0,8.5,4.5
1047,2,9.5,4.5
1048,0,8.5,4.5
1048,2,9.5,4.5
1049,0,8.5,4.5
1049,2,9.5,4.5
1050,0,8.5,4.5
1050,2,9.5,4.5
1051,0,8.5,4.5
1051,2,9.5,4.5
1052,0,8.5,4.5
1052,2,9.5,4.5
1053,0,8.5,4.5
1053,2,9.5,4.5
1054,0,8.5,4.5
1054,2,9.5,4.5
1055,0,8.5,4.5
1055,2,9.5,4.5
1056,0,8.5,4.5
1056,2,9.5,4.5
1057,0,8.5,4.5
1057,2,9.5,4.5
1058,0,8.5,4.5
1058,2,9.5,4.5
1059,0,8.5,4.5
1059,2,9.5,4.5
1060,0,9.5,4.5
1060,2,9.5,4.5
1061,0,9.5,4.5
1061,2,9.5,4.5
1062,0,9.5,4.5
1062,2,9.5,4.5
1063,0,9.5,4.5
1063,2,9.5,4.5
1064,0,9.5,4.5
1064,2,9.5,4.5
1065,0,9.5,4.5
1065,2,9.5,4.5
1066,0,9.5,4.5
1066,2,9.5,4.5
1067,0,9.5,4.5
1067,2,10.5,4.5
1068,0,9.5,4.5
1068,2,10.5,4.5
1069,0,9.5,4.5
1069,2,10.5,4.5
1070,0,9.5,4.5
1070,2,10.5,4.5
1071,0,9.5,4.5
1071,2,10.5,4.5
1072,0,9.5,4.5
1072,2,10.5,4.5
1073,0,9.5,4.5
1073,2,10.5,4.5
1074,0,9.5,4.5
1074,2,10.5,4.5
1075,0,9.5,4.5
1075,2,10.5,4.5
1076,0,9.5,4.5
1076,2,10.5,4.5
1077,0,9.5,4.5
1077,2,10.5,4.5
1078,0,9.5,4.5
1078,2,10.5,4.5
1079,0,9.5,4.5
1079,2,10.5,4.5
1080,0,10.5,4.5
1080,2,10.5,4.5
1081,0,10.5,4.5
1081,2,10.5,4.5
1082,0,10.5,4.5
1082,2,10.5,4.5
1083,0,10.5,4.5
1083,2,10.5,4.5
1084,0,10.5,4.5
1084,2,10.5,4.5
1085,0,10.5,4.5
1085,2,10.5,4.5
1086,0,10.5,4.5
1086,2,10.5,4.5
1087,0,10.5,4.5
1087,2,9.5,4.5
1088,0,10.5,4.5
1088,2,9.5,4.5
1089,0,10.5,4.5
1089,2,9.5,4.5
1090,0,10.5,4.5
1090,2,9.5,4.5
1091,0,10.5,4.5
1091,2,9.5,4.5
1092,0,10.5,4.5
1092,2,9.5,4.5
1093,0,10.5,4.5
1093,2,9.5,4.5
1094,0,10.5,4.5
1094,2,9.5,4.5
1095,0,10.5,4.5
1095,2,9.5,4.5
1096,0,10.5,4.5
1096,2,9.5,4.5
1097,0,10.5,4.5
1097,2,9.5,4.5
1098,0,10.5,4.5
1098,2,9.5,4.5
1099,0,10.5,4.5
1099,2,9.5,4.5
1100,0,0.5,5.5
1100,2,0.5,5.5
1101,0,0.5,5.5
1101,2,0.5,5.5
1102,0,0.5,5.5
1102,2,1.5,5.5
1103,0,0.5,5.5
1103,2,1.5,5.5
1104,0,0.5,5.5
1104,2,1.5,5.5
1105,0,0.5,5.5
1105,2,1.5,5.5
1106,0,0.5,5.5
1106,2,1.5,5.5
1107,0,0.5,5.5
1107,2,1.5,5.5
1108,0,0.5,5.5
1108,2,1.5,5.5
1109,0,0.5,5.5
1109,2,1.5,5.5
1110,0,0.5,5.5
1110,2,1.5,5.5
1111,0,0.5,5.5
1111,2,1.5,5.5
1112,0,0.5,5.5
1112,2,1.5,5.5
1113,0,0.5,5.5
1113,2,1.5,5.5
1114,0,0.5,5.5
1114,2,1.5,5.5
1115,0,0.5,5.5
1115,2,1.5,5.5
1116,0,0.5,5.5
1116,2,1.5,5.5
1117,0,0.5,5.5
1117,2,1.5,5.5
1118,0,0.5,5.5
1118,2,1.5,5.5
1119,0,0.5,5.5
1119,2,1.5,5.5
1120,0,1.5,5.5
1120,2,1.5,5.5
1121,0,1.5,5.5
1121,2,1.5,5.5
1122,0,1.5,5.5
1122,2,2.5,5.5
1123,0,1.5,5.5
1123,2,2.5,5.5
1124,0,1.5,5.5
1124,2,2.5,5.5
1125,0,1.5,5.5
1125,2,2.5,5.5
1126,0,1.5,5.5
1126,2,2.5,5.5
1127,0,1.5,5.5
1127,2,2.5,5.5
1128,0,1.5,5.5
1128,2,2.5,5.5
1129,0,1.5,5.5
1129,2,2.5,5.5
1130,0,1.5,5.5
1130,2,2.5,5.5
1131,0,1.5,5.5
1131,2,2.5,5.5
1132,0,1.5,5.5
1132,2,2.5,5.5
1133,0,1.5,5.5
1133,2,2.5,5.5
1134,0,1.5,5.5
1134,2,2.5,5.5
1135,0,1.5,5.5
1135,2,2.5,5.5
1136,0,1.5,5.5
1136,2,2.5,5.5
1137,0,1.5,5.5
1137,2,2.5,5.5
1138,0,1.5,5.5
1138,2,2.5,5.5
1139,0,1.5,5.5
1139,2,2.5,5.5
1140,0,2.5,5.5
1140,2,2.5,5.5
1141,0,2.5,5.5
1141,2,2.5,5.5
1142,0,2.5,5.5
1142,2,3.5,5.5
1143,0,2.5,5.5
1143,2,3.5,5.5
1144,0,2.5,5.5
1144,2,3.5,5.5
1145,0,2.5,5.5
1145,2,3.5,5.5
1146,0,2.5,5.5
1146,2,3.5,5.5
1147,0,2.5,5.5
1147,2,3.5,5.5
1148,0,2.5,5.5
1148,2,3.5,5.5
1149,0,2.5,5.5
1149,2,3.5,5.5
1150,0,2.5,5.5
1150,2,3.5,5.5
1151,0,2.5,5.5
1151,2,3.5,5.5
1152,0,2.5,5.5
1152,2,3.5,5.5
1153,0,2.5,5.5
1153,2,3.5,5.5
1154,0,2.5,5.5
1154,2,3.5,5.5
1155,0,2.5,5.5
1155,2,3.5,5.5
1156,0,2.5,5.5
1156,2,3.5,5.5
1157,0,2.5,5.5
1157,2,3.5,5.5
1158,0,2.5,5.5
1158,2,3.5,5.5
1159,0,2.5,5.5
1159,2,3.5,5.5
1160,0,3.5,5.5
1160,2,3.5,5.5
1161,0,3.5,5.5
1161,2,3.5,5.5
1162,0,3.5,5.5
1162,2,4.5,5.5
1163,0,3.5,5.5
1163,2,4.5,5.5
1164,0,3.5,5.5
1164,2,4.5,5.5
1165,0,3.5,5.5
1165,2,4.5,5.5
1166,0,3.5,5.5
1166,2,4.5,5.5
1167,0,3.5,5.5
1167,2,4.5,5.5
1168,0,3.5,5.5
1168,2,4.5,5.5
1169,0,3.5,5.5
1169,2,4.5,5.5
1170,0,3.5,5.5
1170,2,4.5,5.5
1171,0,3.5,5.5
1171,2,4.5,5.5
1172,0,3.5,5.5
1172,2,4.5,5.5
1173,0,3.5,5.5
1173,2,4.5,5.5
1174,0,3.5,5.5
1174,2,4.5,5.5
1175,0,3.5,5.5
1175,2,4.5,5.5
1176,0,3.5,5.5
1176,2,4.5,5.5
1177,0,3.5,5.5
1177,2,4.5,5.5
1178,0,3.5,5.5
1178,2,4.5,5.5
1179,0,3.5,5.5
1179,2,4.5,5.5
1180,0,4.5,5.5
1180,2,4.5,5.5
1181,0,4.5,5.5
1181,2,4.5,5.5
1182,0,4.5,5.5
1182,2,5.5,5.5
1183,0,4.5,5.5
1183,2,5.5,5.5
1184,0,4.5,5.5
1184,2,5.5,5.5
1185,0,4.5,5.5
1185,2,5.5,5.5
1186,0,4.5,5.5
1186,2,5.5,5.5
1187,0,4.5,5.5
1187,2,5.5,5.5
1188,0,4.5,5.5
1188,2,5.5,5.5
1189,0,4.5,5.5
1189,2,5.5,5.5
1190,0,4.5,5.5
1190,2,5.5,5.5
1191,0,4.5,5.5
1191,2,5.5,5.5
1192,0,4.5,5.5
1192,2,5.5,5.5
1193,0,4.5,5.5
1193,2,5.5,5.5
1194,0,4.5,5.5
1194,2,5.5,5.5
1195,0,4.5,5.5
1195,2,5.5,5.5
1196,0,4.5,5.5
1196,2,5.5,5.5
1197,0,4.5,5.5
1197,2,5.5,5.5
1198,0,4.5,5.5
1198,2,5.5,5.5
1199,0,4.5,5.5
1199,2,5.5,5.5
1200,0,5.5,5.5
1200,2,5.5,5.5
1201,0,5.5,5.5
1201,2,5.5,5.5
1202,0,5.5,5.5
1202,2,6.5,5.5
1203,0,5.5,5.5
1203,2,6.5,5.5
1204,0,5.5,5.5
1204,2,6.5,5.5
1205,0,5.5,5.5
1205,2,6.5,5.5
1206,0,5.5,5.5
1206,2,6.5,5.5
1207,0,5.5,5.5
1207,2,6.5,5.5
1208,0,5.5,5.5
1208,2,6.5,5.5
1209,0,5.5,5.5
1209,2,6.5,5.5
1210,0,5.5,5.5
1210,2,6.5,5.5
1211,0,5.5,5.5
1211,2,6.5,5.5
1212,0,5.5,5.5
1212,2,6.5,5.5
1213,0,5.5,5.5
1213,2,6.5,5.5
1214,0,5.5,5.5
1214,2,6.5,5.5
1215,0,5.5,5.5
1215,2,6.5,5.5
1216,0,5.5,5.5
1216,2,6.5,5.5
1217,0,5.5,5.5
1217,2,6.5,5.5
1218,0,5.5,5.5
1218,2,6.5,5.5
1219,0,5.5,5.5
1219,2,6.5,5.5
1220,0,6.5,5.5
1220,2,6.5,5.5
1221,0,6.5,5.5
1221,2,6.5,5.5
1222,0,6.5,5.5
1222,2,7.5,5.5
1223,0,6.5,5.5
1223,2,7.5,5.5
1224,0,6.5,5.5
1224,2,7.5,5.5
1225,0,6.5,5.5
1225,2,7.5,5.5
1226,0,6.5,5.5
1226,2,7.5,5.5
1227,0,6.5,5.5
1227,2,7.5,5.5
1228,0,6.5,5.5
1228,2,7.5,5.5
1229,0,6.5,5.5
1229,2,7.5,5.5
1230,0,6.5,5.5
1230,2,7.5,5.5
1231,0,6.5,5.5
1231,2,7.5,5.5
1232,0,6.5,5.5
1232,2,7.5,5.5
1233,0,6.5,5.5
1233,2,7.5,5.5
1234,0,6.5,5.5
1234,2,7.5,5.5
1235,0,6.5,5.5
1235,2,7.5,5.5
1236,0,6.5,5.5
1236,2,7.5,5.5
1237,0,6.5,5.5
1237,2,7.5,5.5
1238,0,6.5,5.5
1238,2,7.5,5.5
1239,0,6.5,5.5
1239,2,7.5,5.5
1240,0,7.5,5.5
1240,2,7.5,5.5
1241,0,7.5,5.5
1241,2,7.5,5.5
1242,0,7.5,5.5
1242,2,8.5,5.5
1243,0,7.5,5.5
1243,2,8.5,5.5
1244,0,7.5,5.5
1244,2,8.5,5.5
1245,0,7.5,5.5
1245,2,8.5,5.5
1246,0,7.5,5.5
1246,2,8.5,5.5
1247,0,7.5,5.5
1247,2,8.5,5.5
1248,0,7.5,5.5
1248,2,8.5,5.5
1249,0,7.5,5.5
1249,2,8.5,5.5
1250,0,7.5,5.5
1250,2,8.5,5.5
1251,0,7.5,5.5
1251,2,8.5,5.5
1252,0,7.5,5.5
1252,2,8.5,5.5
1253,0,7.5,5.5
1253,2,8.5,5.5
1254,0,7.5,5.5
1254,2,8.5,5.5
1255,0,7.5,5.5
1255,2,8.5,5.5
1256,0,7.5,5.5
1256,2,8.5,5.5
1257,0,7.5,5.5
1257,2,8.5,5.5
1258,0,7.5,5.5
1258,2,8.5,5.5
1259,0,7.5,5.5
1259,2,8.5,5.5
1260,0,8.5,5.5
1260,2,8.5,5.5
1261,0,8.5,5.5
1261,2,8.5,5.5
1262,0,8.5,5.5
1262,2,9.5,5.5
1263,0,8.5,5.5
1263,2,9.5,5.5
1264,0,8.5,5.5
1264,2,9.5,5.5
1265,0,8.5,5.5
1265,2,9.5,5.5
1266,0,8.5,5.5
1266,2,9.5,5.5
1267,0,8.5,5.5
1267,2,9.5,5.5
1268,0,8.5,5.5
1268,2,9.5,5.5
1269,0,8.5,5.5
1269,2,9.5,5.5
1270,0,8.5,5.5
1270,2,9.5,5.5
1271,0,8.5,5.5
1271,2,9.5,5.5
1272,0,8.5,5.5
1272,2,9.5,5.5
1273,0,8.5,5.5
1273,2,9.5,5.5
1274,0,8.5,5.5
1274,2,9.5,5.5
1275,0,8.5,5.5
1275,2,9.5,5.5
1276,0,8.5,5.5
1276,2,9.5,5.5
1277,0,8.5,5.5
1277,2,9.5,5.5
1278,0,8.5,5.5
1278,2,9.5,5.5
1279,0,8.5,5.5
1279,2,9.5,5.5
1280,0,9.5,5.5
1280,2,9.5,5.5
1281,0,9.5,5.5
1281,2,9.5,5.5
1282,0,9.5,5.5
1282,2,10.5,5.5
1283,0,9.5,5.5
1283,2,10.5,5.5
1284,0,9.5,5.5
1284,2,10.5,5.5
1285,0,9.5,5.5
1285,2,10.5,5.5
1286,0,9.5,5.5
1286,2,10.5,5.5
1287,0,9.5,5.5
1287,2,10.5,5.5
1288,0,9.5,5.5
1288,2,10.5,5.5
1289,0,9.5,5.5
1289,2,10.5,5.5
1290,0,9.5,5.5
1290,2,10.5,5.5
1291,0,9.5,5.5
1291,2,10.5,5.5
1292,0,9.5,5.5
1292,2,10.5,5.5
1293,0,9.5,5.5
1293,2,10.5,5.5
1294,0,9.5,5.5
1294,2,10.5,5.5
1295,0,9.5,5.5
1295,2,10.5,5.5
1296,0,9.5,5.5
1296,2,10.5,5.5
1297,0,9.5,5.5
1297,2,10.5,5.5
1298,0,9.5,5.5
1298,2,10.5,5.5
1299,0,9.5,5.5
1299,2,10.5,5.5
1300,0,10.5,5.5
1300,2,10.5,5.5
1301,0,10.5,5.5
1301,2,10.5,5.5
1302,0,10.5,5.5
1302,2,9.5,5.5
1303,0,10.5,5.5
1303,2,9.5,5.5
1304,0,10.5,5.5
1304,2,9.5,5.5
1305,0,10.5,5.5
1305,2,9.5,5.5
1306,0,10.5,5.5
1306,2,9.5,5.5
1307,0,10.5,5.5
1307,2,9.5,5.5
1308,0,10.5,5.5
1308,2,9.5,5.5
1309,0,10.5,5.5
1309,2,9.5,5.5
1310,0,10.5,5.5
1310,2,9.5,5.5
1311,0,10.5,5.5
1311,2,9.5,5.5
1312,0,10.5,5.5
1312,2,9.5,5.5
1313,0,10.5,5.5
1313,2,9.5,5.5
1314,0,10.5,5.5
1314,2,9.5,5.5
1315,0,10.5,5.5
1315,2,9.5,5.5
1316,0,10.5,5.5
1316,2,9.5,5.5
1317,0,10.5,5.5
1317,2,9.5,5.5
1318,0,10.5,5.5
1318,2,9.5,5.5
1319,0,10.5,5.5
1319,2,9.5,5.5
1320,0,0.5,6.5
1320,2,0.5,6.5
1321,0,0.5,6.5
1321,2,0.5,6.5
1322,0,0.5,6.5
1322,2,0.5,6.5
1323,0,0.5,6.5
1323,2,0.5,6.5
1324,0,0.5,6.5
1324,2,0.5,6.5
1325,0,0.5,6.5
1325,2,0.5,6.5
1326,0,0.5,6.5
1326,2,0.5,6.5
1327,0,0.5,6.5
1327,2,1.5,6.5
1328,0,0.5,6.5
1328,2,1.5,6.5
1329,0,0.5,6.5
1329,2,1.5,6.5
1330,0,0.5,6.5
1330,2,1.5,6.5
1331,0,0.5,6.5
1331,2,1.5,6.5
1332,0,0.5,6.5
1332,2,1.5,6.5
1333,0,0.5,6.5
1333,2,1.5,6.5
1334,0,0.5,6.5
1334,2,1.5,6.5
1335,0,0.5,6.5
1335,2,1.5,6.5
1336,0,0.5,6.5
1336,2,1.5,6.5
1337,0,0.5,6.5
1337,2,1.5,6.5
1338,0,0.5,6.5
1338,2,1.5,6.5
1339,0,0.5,6.5
1339,2,1.5,6.5
1340,0,1.5,6.5
1340,2,1.5,6.5
1341,0,1.5,6.5
1341,2,1.5,6.5
1342,0,1.5,6.5
1342,2,1.5,6.5
1343,0,1.5,6.5
1343,2,1.5,6.5
1344,0,1.5,6.5
1344,2,1.5,6.5
1345,0,1.5,6.5
1345,2,1.5,6.5
1346,0,1.5,6.5
1346,2,1.5,6.5
1347,0,1.5,6.5
1347,2,2.5,6.5
1348,0,1.5,6.5
1348,2,2.5,6.5
1349,0,1.5,6.5
1349,2,2.5,6.5
1350,0,1.5,6.5
1350,2,2.5,6.5
1351,0,1.5,6.5
1351,2,2.5,6.5
1352,0,1.5,6.5
1352,2,2.5,6.5
1353,0,1.5,6.5
1353,2,2.5,6.5
1354,0,1.5,6.5
1354,2,2.5,6.5
1355,0,1.5,6.5
1355,2,2.5,6.5
1356,0,1.5,6.5
1356,2,2.5,6.5
1357,0,1.5,6.5
1357,2,2.5,6.5
1358,0,1.5,6.5
1358,2,2.5,6.5
1359,0,1.5,6.5
1359,2,2.5,6.5
1360,0,2.5,6.5
1360,2,2.5,6.5
1361,0,2.5,6.5
1361,2,2.5,6.5
1362,0,2.5,6.5
1362,2,2.5,6.5
1363,0,2.5,6.5
1363,2,2.5,6.5
1364,0,2.5,6.5
1364,2,2.5,6.5
1365,0,2.5,6.5
1365,2,2.5,6.5
1366,0,2.5,6.5
1366,2,2.5,6.5
1367,0,2.5,6.5
1367,2,3.5,6.5
1368,0,2.5,6.5
1368,2,3.5,6.5
1369,0,2.5,6.5
1369,2,3.5,6.5
1370,0,2.5,6.5
1370,2,3.5,6.5
1371,0,2.5,6.5
1371,2,3.5,6.5
1372,0,2.5,6.5
1372,2,3.5,6.5
1373,0,2.5,6.5
1373,2,3.5,6.5
1374,0,2.5,6.5
1374,2,3.5,6.5
1375,0,2.5,6.5
1375,2,3.5,6.5
1376,0,2.5,6.5
1376,2,3.5,6.5
1377,0,2.5,6.5
1377,2,3.5,6.5
1378,0,2.5,6.5
1378,2,3.5,6.5
1379,0,2.5,6.5
1379,2,3.5,6.5
1380,0,3.5,6.5
1380,2,3.5,6.5
1381,0,3.5,6.5
1381,2,3.5,6.5
1382,0,3.5,6.5
1382,2,3.5,6.5
1383,0,3.5,6.5
1383,2,3.5,6.5
1384,0,3.5,6.5
1384,2,3.5,6.5
1385,0,3.5,6.5
1385,2,3.5,6.5
1386,0,3.5,6.5
1386,2,3.5,6.5
1387,0,3.5,6.5
1387,2,4.5,6.5
1388,0,3.5,6.5
1388,2,4.5,6.5
1389,0,3.5,6.5
1389,2,4.5,6.5
1390,0,3.5,6.5
1390,2,4.5,6.5
1391,0,3.5,6.5
1391,2,4.5,6.5
1392,0,3.5,6.5
1392,2,4.5,6.5
1393,0,3.5,6.5
1393,2,4.5,6.5
1394,0,3.5,6.5
1394,2,4.5,6.5
1395,0,3.5,6.5
1395,2,4.5,6.5
1396,0,3.5,6.5
1396,2,4.5,6.5
1397,0,3.5,6.5
1397,2,4.5,6.5
1398,0,3.5,6.5
1398,2,4.5,6.5
1399,0,3.5,6.5
1399,2,4.5,6.5
1400,0,4.5,6.5
1400,2,4.5,6.5
1401,0,4.5,6.5
1401,2,4.5,6.5
1402,0,4.5,6.5
1402,2,4.5,6.5
1403,0,4.5,6.5
1403,2,4.5,6.5
1404,0,4.5,6.5
1404,2,4.5,6.5
1405,0,4.5,6.5
1405,2,4.5,6.5
1406,0,4.5,6.5
1406,2,4.5,6.5
1407,0,4.5,6.5
1407,2,5.5,6.5
1408,0,4.5,6.5
1408,2,5.5,6.5
1409,0,4.5,6.5
1409,2,5.5,6.5
1410,0,4.5,6.5
1410,2,5.5,6.5
1411,0,4.5,6.5
1411,2,5.5,6.5
1412,0,4.5,6.5
1412,2,5.5,6.5
1413,0,4.5,6.5
1413,2,5.5,6.5
1414,0,4.5,6.5
1414,2,5.5,6.5
1415,0,4.5,6.5
1415,2,5.5,6.5
1416,0,4.5,6.5
1416,2,5.5,6.5
1417,0,4.5,6.5
1417,2,5.5,6.5
1418,0,4.5,6.5
1418,2,5.5,6.5
1419,0,4.5,6.5
1419,2,5.5,6.5
1420,0,5.5,6.5
1420,2,5.5,6.5
1421,0,5.5,6.5
1421,2,5.5,6.5
1422,0,5.5,6.5
1422,2,5.5,6.5
1423,0,5.5,6.5
1423,2,5.5,6.5
1424,0,5.5,6.5
1424,2,5.5,6.5
1425,0,5.5,6.5
1425,2,5.5,6.5
1426,0,5.5,6.5
1426,2,5.5,6.5
1427,0,5.5,6.5
1427,2,6.5,6.5
1428,0,5.5,6.5
1428,2,6.5,6.5
1429,0,5.5,6.5
1429,2,6.5,6.5
1430,0,5.5,6.5
1430,2,6.5,6.5
1431,0,5.5,6.5
1431,2,6.5,6.5
1432,0,5.5,6.5
1432,2,6.5,6.5
1433,0,5.5,6.5
1433,2,6.5,6.5
1434,0,5.5,6.5
1434,2,6.5,6.5
1435,0,5.5,6.5
1435,2,6.5,6.5
1436,0,5.5,6.5
1436,2,6.5,6.5
1437,0,5.5,6.5
1437,2,6.5,6.5
1438,0,5.5,6.5
1438,2,6.5,6.5
1439,0,5.5,6.5
1439,2,6.5,6.5
1440,0,6.5,6.5
1440,2,6.5,6.5
1441,0,6.5,6.5
1441,2,6.5,6.5
1442,0,6.5,6.5
1442,2,6.5,6.5
1443,0,6.5,6.5
1443,2,6.5,6.5
1444,0,6.5,6.5
1444,2,6.5,6.5
1445,0,6.5,6.5
1445,2,6.5,6.5
1446,0,6.5,6.5
1446,2,6.5,6.5
1447,0,6.5,6.5
1447,2,7.5,6.5
1448,0,6.5,6.5
1448,2,7.5,6.5
1449,0,6.5,6.5
1449,2,7.5,6.5
1450,0,6.5,6.5
1450,2,7.5,6.5
1451,0,6.5,6.5
1451,2,7.5,6.5
1452,0,6.5,6.5
1452,2,7.5,6.5
1453,0,6.5,6.5
1453,2,7.5,6.5
1454,0,6.5,6.5
1454,2,7.5,6.5
1455,0,6.5,6.5
1455,2,7.5,6.5
1456,0,6.5,6.5
1456,2,7.5,6.5
1457,0,6.5,6.5
1457,2,7.5,6.5
1458,0,6.5,6.5
1458,2,7.5,6.5
1459,0,6.5,6.5
1459,2,7.5,6.5
1460,0,7.5,6.5
1460,2,7.5,6.5
1461,0,7.5,6.5
1461,2,7.5,6.5
1462,0,7.5,6.5
1462,2,7.5,6.5
1463,0,7.5,6.5
1463,2,7.5,6.5
1464,0,7.5,6.5
1464,2,7.5,6.5
1465,0,7.5,6.5
1465,2,7.5,6.5
1466,0,7.5,6.5
1466,2,7.5,6.5
1467,0,7.5,6.5
1467,2,8.5,6.5
1468,0,7.5,6.5
1468,2,8.5,6.5
1469,0,7.5,6.5
1469,2,8.5,6.5
1470,0,7.5,6.5
1470,2,8.5,6.5
1471,0,7.5,6.5
1471,2,8.5,6.5
1472,0,7.5,6.5
1472,2,8.5,6.5
1473,0,7.5,6.5
1473,2,8.5,6.5
1474,0,7.5,6.5
1474,2,8.5,6.5
1475,0,7.5,6.5
1475,2,8.5,6.5
1476,0,7.5,6.5
1476,2,8.5,6.5
1477,0,7.5,6.5
1477,2,8.5,6.5
1478,0,7.5,6.5
1478,2,8.5,6.5
1479,0,7.5,6.5
1479,2,8.5,6.5
1480,0,8.5,6.5
1480,2,8.5,6.5
1481,0,8.5,6.5
1481,2,8.5,6.5
1482,0,8.5,6.5
1482,2,8.5,6.5
1483,0,8.5,6.5
1483,2,8.5,6.5
1484,0,8.5,6.5
1484,2,8.5,6.5
1485,0,8.5,6.5
1485,2,8.5,6.5
1486,0,8.5,6.5
1486,2,8.5,6.5
1487,0,8.5,6.5
1487,2,9.5,6.5
1488,0,8.5,6.5
1488,2,9.5,6.5
1489,0,8.5,6.5
1489,2,9.5,6.5
1490,0,8.5,6.5
1490,2,9.5,6.5
1491,0,8.5,6.5
1491,2,9.5,6.5
1492,0,8.5,6.5
1492,2,9.5,6.5
1493,0,8.5,6.5
1493,2,9.5,6.5
1494,0,8.5,6.5
1494,2,9.5,6.5
1495,0,8.5,6.5
1495,2,9.5,6.5
1496,0,8.5,6.5
1496,2,9.5,6.5
1497,0,8.5,6.5
1497,2,9.5,6.5
1498,0,8.5,6.5
1498,2,9.5,6.5
1499,0,8.5,6.5
1499,2,9.5,6.5
1500,0,9.5,6.5
1500,2,9.5,6.5
1501,0,9.5,6.5
1501,2,9.5,6.5
1502,0,9.5,6.5
1502,2,9.5,6.5
1503,0,9.5,6.5
1503,2,9.5,6.5
1504,0,9.5,6.5
1504,2,9.5,6.5
1505,0,9.5,6.5
1505,2,9.5,6.5
1506,0,9.5,6.5
1506,2,9.5,6.5
1507,0,9.5,6.5
1507,2,10.5,6.5
1508,0,9.5,6.5
1508,2,10.5,6.5
1509,0,9.5,6.5
1509,2,10.5,6.5
1510,0,9.5,6.5
1510,2,10.5,6.5
1511,0,9.5,6.5
1511,2,10.5,6.5
1512,0,9.5,6.5
1512,2,10.5,6.5
1513,0,9.5,6.5
1513,2,10.5,6.5
1514,0,9.5,6.5
1514,2,10.5,6.5
1515,0,9.5,6.5
1515,2,10.5,6.5
1516,0,9.5,6.5
1516,2,10.5,6.5
1517,0,9.5,6.5
1517,2,10.5,6.5
1518,0,9.5,6.5
1518,2,10.5,6.5
1519,0,9.5,6.5
1519,2,10.5,6.5
1520,0,10.5,6.5
1520,2,10.5,6.5
1521,0,10.5,6.5
1521,2,10.5,6.5
1522,0,10.5,6.5
1522,2,10.5,6.5
1523,0,10.5,6.5
1523,2,10.5,6.5
1524,0,10.5,6.5
1524,2,10.5,6.5
1525,0,10.5,6.5
1525,2,10.5,6.5
1526,0,10.5,6.5
1526,2,10.5,6.5
1527,0,10.5,6.5
1527,2,9.5,6.5
1528,0,10.5,6.5
1528,2,9.5,6.5
1529,0,10.5,6.5
1529,2,9.5,6.5
1530,0,10.5,6.5
1530,2,9.5,6.5
1531,0,10.5,6.5
1531,2,9.5,6.5
1532,0,10.5,6.5
1532,2,9.5,6.5
1533,0,10.5,6.5
1533,2,9.5,6.5
1534,0,10.5,6.5
1534,2,9.5,6.5
1535,0,10.5,6.5
1535,2,9.5,6.5
1536,0,10.5,6.5
1536,2,9.5,6.5
1537,0,10.5,6.5
1537,2,9.5,6.5
1538,0,10.5,6.5
1538,2,9.5,6.5
1539,0,10.5,6.5
1539,2,9.5,6.5
1540,0,0.5,7.5
1540,2,0.5,7.5
1541,0,0.5,7.5
1541,2,0.5,7.5
1542,0,0.5,7.5
1542,2,0.5,7.5
1543,0,0.5,7.5
1543,2,0.5,7.5
1544,0,0.5,7.5
1544,2,0.5,7.5
1545,0,0.5,7.5
1545,2,0.5,7.5
1546,0,0.5,7.5
1546,2,0.5,7.5
1547,0,0.5,7.5
1547,2,0.5,7.5
1548,0,0.5,7.5
1548,2,0.5,7.5
1549,0,0.5,7.5
1549,2,0.5,7.5
1550,0,0.5,7.5
1550,2,0.5,7.5
1551,0,0.5,7.5
1551,2,0.5,7.5
1552,0,0.5,7.5
1552,2,1.5,7.5
1553,0,0.5,7.5
1553,2,1.5,7.5
1554,0,0.5,7.5
1554,2,1.5,7.5
1555,0,0.5,7.5
1555,2,1.5,7.5
1556,0,0.5,7.5
1556,2,1.5,7.5
1557,0,0.5,7.5
1557,2,1.5,7.5
1558,0,0.5,7.5
1558,2,1.5,7.5
1559,0,0.5,7.5
1559,2,1.5,7.5
1560,0,1.5,7.5
1560,2,1.5,7.5
1561,0,1.5,7.5
1561,2,1.5,7.5
1562,0,1.5,7.5
1562,2,1.5,7.5
1563,0,1.5,7.5
1563,2,1.5,7.5
1564,0,1.5,7.5
1564,2,1.5,7.5
1565,0,1.5,7.5
1565,2,1.5,7.5
1566,0,1.5,7.5
1566,2,1.5,7.5
1567,0,1.5,7.5
1567,2,1.5,7.5
1568,0,1.5,7.5
1568,2,1.5,7.5
1569,0,1.5,7.5
1569,2,1.5,7.5
1570,0,1.5,7.5
1570,2,1.5,7.5
1571,0,1.5,7.5
1571,2,1.5,7.5
1572,0,1.5,7.5
1572,2,2.5,7.5
1573,0,1.5,7.5
1573,2,2.5,7.5
1574,0,1.5,7.5
1574,2,2.5,7.5
1575,0,1.5,7.5
1575,2,2.5,7.5
1576,0,1.5,7.5
1576,2,2.5,7.5
1577,0,1.5,7.5
1577,2,2.5,7.5
1578,0,1.5,7.5
1578,2,2.5,7.5
1579,0,1.5,7.5
1579,2,2.5,7.5
1580,0,2.5,7.5
1580,2,2.5,7.5
1581,0,2.5,7.5
1581,2,2.5,7.5
1582,0,2.5,7.5
1582,2,2.5,7.5
1583,0,2.5,7.5
1583,2,2.5,7.5
1584,0,2.5,7.5
1584,2,2.5,7.5
1585,0,2.5,7.5
1585,2,2.5,7.5
1586,0,2.5,7.5
1586,2,2.5,7.5
1587,0,2.5,7.5
1587,2,2.5,7.5
1588,0,2.5,7.5
1588,2,2.5,7.5
1589,0,2.5,7.5
1589,2,2.5,7.5
1590,0,2.5,7.5
1590,2,2.5,7.5
1591,0,2.5,7.5
1591,2,2.5,7.5
1592,0,2.5,7.5
1592,2,3.5,7.5
1593,0,2.5,7.5
1593,2,3.5,7.5
1594,0,2.5,7.5
1594,2,3.5,7.5
1595,0,2.5,7.5
1595,2,3.5,7.5
1596,0,2.5,7.5
1596,2,3.5,7.5
1597,0,2.5,7.5
1597,2,3.5,7.5
1598,0,2.5,7.5
1598,2,3.5,7.5
1599,0,2.5,7.5
1599,2,3.5,7.5
1600,0,3.5,7.5
1600,2,3.5,7.5
1601,0,3.5,7.5
1601,2,3.5,7.5
1602,0,3.5,7.5
1602,2,3.5,7.5
1603,0,3.5,7.5
1603,2,3.5,7.5
1604,0,3.5,7.5
1604,2,3.5,7.5
1605,0,3.5,7.5
1605,2,3.5,7.5
1606,0,3.5,7.5
1606,2,3.5,7.5
1607,0,3.5,7.5
1607,2,3.5,7.5
1608,0,3.5,7.5
1608,2,3.5,7.5
1609,0,3.5,7.5
1609,2,3.5,7.5
1610,0,3.5,7.5
1610,2,3.5,7.5
1611,0,3.5,7.5
1611,2,3.5,7.5
1612,0,3.5,7.5
1612,2,4.5,7.5
1613,0,3.5,7.5
1613,2,4.5,7.5
1614,0,3.5,7.5
1614,2,4.5,7.5
1615,0,3.5,7.5
1615,2,4.5,7.5
1616,0,3.5,7.5
1616,2,4.5,7.5
1617,0,3.5,7.5
1617,2,4.5,7.5
1618,0,3.5,7.5
1618,2,4.5,7.5
1619,0,3.5,7.5
1619,2,4.5,7.5
1620,0,4.5,7.5
1620,2,4.5,7.5
1621,0,4.5,7.5
1621,2,4.5,7.5
1622,0,4.5,7.5
1622,2,4.5,7.5
1623,0,4.5,7.5
1623,2,4.5,7.5
1624,0,4.5,7.5
1624,2,4.5,7.5
1625,0,4.5,7.5
1625,2,4.5,7.5
1626,0,4.5,7.5
1626,2,4.5,7.5
1627,0,4.5,7.5
1627,2,4.5,7.5
1628,0,4.5,7.5
1628,2,4.5,7.5
1629,0,4.5,7.5
1629,2,4.5,7.5
1630,0,4.5,7.5
1630,2,4.5,7.5
1631,0,4.5,7.5
1631,2,4.5,7.5
1632,0,4.5,7.5
1632,2,5.5,7.5
1633,0,4.5,7.5
1633,2,5.5,7.5
1634,0,4.5,7.5
1634,2,5.5,7.5
1635,0,4.5,7.5
1635,2,5.5,7.5
1636,0,4.5,7.5
1636,2,5.5,7.5
1637,0,4.5,7.5
1637,2,5.5,7.5
1638,0,4.5,7.5
1638,2,5.5,7.5
1639,0,4.5,7.5
1639,2,5.5,7.5
1640,0,5.5,7.5
1640,2,5.5,7.5
1641,0,5.5,7.5
1641,2,5.5,7.5
1642,0,5.5,7.5
1642,2,5.5,7.5
1643,0,5.5,7.5
1643,2,5.5,7.5
1644,0,5.5,7.5
1644,2,5.5,7.5
1645,0,5.5,7.5
1645,2,5.5,7.5
1646,0,5.5,7.5
1646,2,5.5,7.5
1647,0,5.5,7.5
1647,2,5.5,7.5
1648,0,5.5,7.5
1648,2,5.5,7.5
1649,0,5.5,7.5
1649,2,5.5,7.5
1650,0,5.5,7.5
1650,2,5.5,7.5
1651,0,5.5,7.5
1651,2,5.5,7.5
1652,0,5.5,7.5
1652,2,6.5,7.5
1653,0,5.5,7.5
1653,2,6.5,7.5
1654,0,5.5,7.5
1654,2,6.5,7.5
1655,0,5.5,7.5
1655,2,6.5,7.5
1656,0,5.5,7.5
1656,2,6.5,7.5
1657,0,5.5,7.5
1657,2,6.5,7.5
1658,0,5.5,7.5
1658,2,6.5,7.5
1659,0,5.5,7.5
1659,2,6.5,7.5
1660,0,6.5,7.5
1660,2,6.5,7.5
1661,0,6.5,7.5
1661,2,6.5,7.5
1662,0,6.5,7.5
1662,2,6.5,7.5
1663,0,6.5,7.5
1663,2,6.5,7.5
1664,0,6.5,7.5
1664,2,6.5,7.5
1665,0,6.5,7.5
1665,2,6.5,7.5
1666,0,6.5,7.5
1666,2,6.5,7.5
1667,0,6.5,7.5
1667,2,6.5,7.5
1668,0,6.5,7.5
1668,2,6.5,7.5
1669,0,6.5,7.5
1669,2,6.5,7.5
1670,0,6.5,7.5
1670,2,6.5,7.5
1671,0,6.5,7.5
1671,2,6.5,7.5
1672,0,6.5,7.5
1672,2,7.5,7.5
1673,0,6.5,7.5
1673,2,7.5,7.5
1674,0,6.5,7.5
1674,2,7.5,7.5
1675,0,6.5,7.5
1675,2,7.5,7.5
1676,0,6.5,7.5
1676,2,7.5,7.5
1677,0,6.5,7.5
1677,2,7.5,7.5
1678,0,6.5,7.5
1678,2,7.5,7.5
1679,0,6.5,7.5
1679,2,7.5,7.5
1680,0,7.5,7.5
1680,2,7.5,7.5
1681,0,7.5,7.5
1681,2,7.5,7.5
1682,0,7.5,7.5
1682,2,7.5,7.5
1683,0,7.5,7.5
1683,2,7.5,7.5
1684,0,7.5,7.5
1684,2,7.5,7.5
1685,0,7.5,7.5
1685,2,7.5,7.5
1686,0,7.5,7.5
1686,2,7.5,7.5
1687,0,7.5,7.5
1687,2,7.5,7.5
1688,0,7.5,7.5
1688,2,7.5,7.5
1689,0,7.5,7.5
1689,2,7.5,7.5
1690,0,7.5,7.5
1690,2,7.5,7.5
1691,0,7.5,7.5
1691,2,7.5,7.5
1692,0,7.5,7.5
1692,2,8.5,7.5
1693,0,7.5,7.5
1693,2,8.5,7.5
1694,0,7.5,7.5
1694,2,8.5,7.5
1695,0,7.5,7.5
1695,2,8.5,7.5
1696,0,7.5,7.5
1696,2,8.5,7.5
1697,0,7.5,7.5
1697,2,8.5,7.5
1698,0,7.5,7.5
1698,2,8.5,7.5
1699,0,7.5,7.5
1699,2,8.5,7.5
1700,0,8.5,7.5
1700,2,8.5,7.5
1701,0,8.5,7.5
1701,2,8.5,7.5
1702,0,8.5,7.5
1702,2,8.5,7.5
1703,0,8.5,7.5
1703,2,8.5,7.5
1704,0,8.5,7.5
1704,2,8.5,7.5
1705,0,8.5,7.5
1705,2,8.5,7.5
1706,0,8.5,7.5
1706,2,8.5,7.5
1707,0,8.5,7.5
1707,2,8.5,7.5
1708,0,8.5,7.5
1708,2,8.5,7.5
1709,0,8.5,7.5
1709,2,8.5,7.5
1710,0,8.5,7.5
1710,2,8.5,7.5
1711,0,8.5,7.5
1711,2,8.5,7.5
1712,0,8.5,7.5
1712,2,9.5,7.5
1713,0,8.5,7.5
1713,2,9.5,7.5
1714,0,8.5,7.5
1714,2,9.5,7.5
1715,0,8.5,7.5
1715,2,9.5,7.5
1716,0,8.5,7.5
1716,2,9.5,7.5
1717,0,8.5,7.5
1717,2,9.5,7.5
1718,0,8.5,7.5
1718,2,9.5,7.5
1719,0,8.5,7.5
1719,2,9.5,7.5
1720,0,9.5,7.5
1720,2,9.5,7.5
1721,0,9.5,7.5
1721,2,9.5,7.5
1722,0,9.5,7.5
1722,2,9.5,7.5
1723,0,9.5,7.5
1723,2,9.5,7.5
1724,0,9.5,7.5
1724,2,9.5,7.5
1725,0,9.5,7.5
1725,2,9.5,7.5
1726,0,9.5,7.5
1726,2,9.5,7.5
1727,0,9.5,7.5
1727,2,9.5,7.5
1728,0,9.5,7.5
1728,2,9.5,7.5
1729,0,9.5,7.5
1729,2,9.5,7.5
1730,0,9.5,7.5
1730,2,9.5,7.5
1731,0,9.5,7.5
1731,2,9.5,7.5
1732,0,9.5,7.5
1732,2,10.5,7.5
1733,0,9.5,7.5
1733,2,10.5,7.5
1734,0,9.5,7.5
1734,2,10.5,7.5
1735,0,9.5,7.5
1735,2,10.5,7.5
1736,0,9.5,7.5
1736,2,10.5,7.5
1737,0,9.5,7.5
1737,2,10.5,7.5
1738,0,9.5,7.5
1738,2,10.5,7.5
1739,0,9.5,7.5
1739,2,10.5,7.5
1740,0,10.5,7.5
1740,2,10.5,7.5
1741,0,10.5,7.5
1741,2,10.5,7.5
1742,0,10.5,7.5
1742,2,10.5,7.5
1743,0,10.5,7.5
1743,2,10.5,7.5
1744,0,10.5,7.5
1744,2,10.5,7.5
1745,0,10.5,7.5
1745,2,10.5,7.5
1746,0,10.5,7.5
1746,2,10.5,7.5
1747,0,10.5,7.5
1747,2,10.5,7.5
1748,0,10.5,7.5
1748,2,10.5,7.5
1749,0,10.5,7.5
1749,2,10.5,7.5
1750,0,10.5,7.5
1750,2,10.5,7.5
1751,0,10.5,7.5
1751,2,10.5,7.5
1752,0,10.5,7.5
1752,2,9.5,7.5
1753,0,10.5,7.5
1753,2,9.5,7.5
1754,0,10.5,7.5
1754,2,9.5,7.5
1755,0,10.5,7.5
1755,2,9.5,7.5
1756,0,10.5,7.5
1756,2,9.5,7.5
1757,0,10.5,7.5
1757,2,9.5,7.5
1758,0,10.5,7.5
1758,2,9.5,7.5
1759,0,10.5,7.5
1759,2,9.5,7.5
1760,0,0.5,8.5
1760,2,0.5,8.5
1761,0,0.5,8.5
1761,2,0.5,8.5
1762,0,0.5,8.5
1762,2,0.5,8.5
1763,0,0.5,8.5
1763,2,0.5,8.5
1764,0,0.5,8.5
1764,2,0.5,8.5
1765,0,0.5,8.5
1765,2,0.5,8.5
1766,0,0.5,8.5
1766,2,0.5,8.5
1767,0,0.5,8.5
1767,2,0.5,8.5
1768,0,0.5,8.5
1768,2,0.5,8.5
1769,0,0.5,8.5
1769,2,0.5,8.5
1770,0,0.5,8.5
1770,2,0.5,8.5
1771,0,0.5,8.5
1771,2,0.5,8.5
1772,0,0.5,8.5
1772,2,0.5,8.5
1773,0,0.5,8.5
1773,2,0.5,8.5
1774,0,0.5,8.5
1774,2,0.5,8.5
1775,0,0.5,8.5
1775,2,0.5,8.5
1776,0,0.5,8.5
1776,2,1.5,8.5
1777,0,0.5,8.5
1777,2,1.5,8.5
1778,0,0.5,8.5
1778,2,1.5,8.5
1779,0,0.5,8.5
1779,2,1.5,8.5
1780,0,1.5,8.5
1780,2,1.5,8.5
1781,0,1.5,8.5
1781,2,1.5,8.5
1782,0,1.5,8.5
1782,2,1.5,8.5
1783,0,1.5,8.5
1783,2,1.5,8.5
1784,0,1.5,8.5
1784,2,1.5,8.5
1785,0,1.5,8.5
1785,2,1.5,8.5
1786,0,1.5,8.5
1786,2,1.5,8.5
1787,0,1.5,8.5
1787,2,1.5,8.5
1788,0,1.5,8.5
1788,2,1.5,8.5
1789,0,1.5,8.5
1789,2,1.5,8.5
1790,0,1.5,8.5
1790,2,1.5,8.5
1791,0,1.5,8.5
1791,2,1.5,8.5
1792,0,1.5,8.5
1792,2,1.5,8.5
1793,0,1.5,8.5
1793,2,1.5,8.5
1794,0,1.5,8.5
1794,2,1.5,8.5
1795,0,1.5,8.5
1795,2,1.5,8.5
1796,0,1.5,8.5
1796,2,2.5,8.5
1797,0,1.5,8.5
1797,2,2.5,8.5
1798,0,1.5,8.5
1798,2,2.5,8.5
1799,0,1.5,8.5
1799,2,2.5,8.5
1800,0,2.5,8.5
1800,2,2.5,8.5
1801,0,2.5,8.5
1801,2,2.5,8.5
1802,0,2.5,8.5
1802,2,2.5,8.5
1803,0,2.5,8.5
1803,2,2.5,8.5
1804,0,2.5,8.5
1804,2,2.5,8.5
1805,0,2.5,8.5
1805,2,2.5,8.5
1806,0,2.5,8.5
1806,2,2.5,8.5
1807,0,2.5,8.5
1807,2,2.5,8.5
1808,0,2.5,8.5
1808,2,2.5,8.5
1809,0,2.5,8.5
1809,2,2.5,8.5
1810,0,2.5,8.5
1810,2,2.5,8.5
1811,0,2.5,8.5
1811,2,2.5,8.5
1812,0,2.5,8.5
1812,2,2.5,8.5
1813,0,2.5,8.5
1813,2,2.5,8.5
1814,0,2.5,8.5
1814,2,2.5,8.5
1815,0,2.5,8.5
1815,2,2.5,8.5
1816,0,2.5,8.5
1816,2,3.5,8.5
1817,0,2.5,8.5
1817,2,3.5,8.5
1818,0,2.5,8.5
1818,2,3.5,8.5
1819,0,2.5,8.5
1819,2,3.5,8.5
1820,0,3.5,8.5
1820,2,3.5,8.5
1821,0,3.5,8.5
1821,2,3.5,8.5
1822,0,3.5,8.5
1822,2,3.5,8.5
1823,0,3.5,8.5
1823,2,3.5,8.5
1824,0,3.5,8.5
1824,2,3.5,8.5
1825,0,3.5,8.5
1825,2,3.5,8.5
1826,0,3.5,8.5
1826,2,3.5,8.5
1827,0,3.5,8.5
1827,2,3.5,8.5
1828,0,3.5,8.5
1828,2,3.5,8.5
1829,0,3.5,8.5
1829,2,3.5,8.5
1830,0,3.5,8.5
1830,2,3.5,8.5
1831,0,3.5,8.5
1831,2,3.5,8.5
1832,0,3.5,8.5
1832,2,3.5,8.5
1833,0,3.5,8.5
1833,2,3.5,8.5
1834,0,3.5,8.5
1834,2,3.5,8.5
1835,0,3.5,8.5
1835,2,3.5,8.5
1836,0,3.5,8.5
1836,2,4.5,8.5
1837,0,3.5,8.5
1837,2,4.5,8.5
1838,0,3.5,8.5
1838,2,4.5,8.5
1839,0,3.5,8.5
1839,2,4.5,8.5
1840,0,4.5,8.5
1840,2,4.5,8.5
1841,0,4.5,8.5
1841,2,4.5,8.5
1842,0,4.5,8.5
1842,2,4.5,8.5
1843,0,4.5,8.5
1843,2,4.5,8.5
1844,0,4.5,8.5
1844,2,4.5,8.5
1845,0,4.5,8.5
1845,2,4.5,8.5
1846,0,4.5,8.5
1846,2,4.5,8.5
1847,0,4.5,8.5
1847,2,4.5,8.5
1848,0,4.5,8.5
1848,2,4.5,8.5
1849,0,4.5,8.5
1849,2,4.5,8.5
1850,0,4.5,8.5
1850,2,4.5,8.5
1851,0,4.5,8.5
1851,2,4.5,8.5
1852,0,4.5,8.5
1852,2,4.5,8.5
1853,0,4.5,8.5
1853,2,4.5,8.5
1854,0,4.5,8.5
1854,2,4.5,8.5
1855,0,4.5,8.5
1855,2,4.5,8.5
1856,0,4.5,8.5
1856,2,5.5,8.5
1857,0,4.5,8.5
1857,2,5.5,8.5
1858,0,4.5,8.5
1858,2,5.5,8.5
1859,0,4.5,8.5
1859,2,5.5,8.5
1860,0,5.5,8.5
1860,2,5.5,8.5
1861,0,5.5,8.5
1861,2,5.5,8.5
1862,0,5.5,8.5
1862,2,5.5,8.5
1863,0,5.5,8.5
1863,2,5.5,8.5
1864,0,5.5,8.5
1864,2,5.5,8.5
1865,0,5.5,8.5
1865,2,5.5,8.5
1866,0,5.5,8.5
1866,2,5.5,8.5
1867,0,5.5,8.5
1867,2,5.5,8.5
1868,0,5.5,8.5
1868,2,5.5,8.5
1869,0,5.5,8.5
1869,2,5.5,8.5
1870,0,5.5,8.5
1870,2,5.5,8.5
1871,0,5.5,8.5
1871,2,5.5,8.5
1872,0,5.5,8.5
1872,2,5.5,8.5
1873,0,5.5,8.5
1873,2,5.5,8.5
1874,0,5.5,8.5
1874,2,5.5,8.5
1875,0,5.5,8.5
1875,2,5.5,8.5
1876,0,5.5,8.5
1876,2,6.5,8.5
1877,0,5.5,8.5
1877,2,6.5,8.5
1878,0,5.5,8.5
1878,2,6.5,8.5
1879,0,5.5,8.5
1879,2,6.5,8.5
1880,0,6.5,8.5
1880,2,6.5,8.5
1881,0,6.5,8.5
1881,2,6.5,8.5
1882,0,6.5,8.5
1882,2,6.5,8.5
1883,0,6.5,8.5
1883,2,6.5,8.5
1884,0,6.5,8.5
1884,2,6.5,8.5
1885,0,6.5,8.5
1885,2,6.5,8.5
1886,0,6.5,8.5
1886,2,6.5,8.5
1887,0,6.5,8.5
1887,2,6.5,8.5
1888,0,6.5,8.5
1888,2,6.5,8.5
1889,0,6.5,8.5
1889,2,6.5,8.5
1890,0,6.5,8.5
1890,2,6.5,8.5
1891,0,6.5,8.5
1891,2,6.5,8.5
1892,0,6.5,8.5
1892,2,6.5,8.5
1893,0,6.5,8.5
1893,2,6.5,8.5
1894,0,6.5,8.5
1894,2,6.5,8.5
1895,0,6.5,8.5
1895,2,6.5,8.5
1896,0,6.5,8.5
1896,2,7.5,8.5
1897,0,6.5,8.5
1897,2,7.5,8.5
1898,0,6.5,8.5
1898,2,7.5,8.5
1899,0,6.5,8.5
1899,2,7.5,8.5
1900,0,7.5,8.5
1900,2,7.5,8.5
1901,0,7.5,8.5
1901,2,7.5,8.5
1902,0,7.5,8.5
1902,2,7.5,8.5
1903,0,7.5,8.5
1903,2,7.5,8.5
1904,0,7.5,8.5
1904,2,7.5,8.5
1905,0,7.5,8.5
1905,2,7.5,8.5
1906,0,7.5,8.5
1906,2,7.5,8.5
1907,0,7.5,8.5
1907,2,7.5,8.5
1908,0,7.5,8.5
1908,2,7.5,8.5
1909,0,7.5,8.5
1909,2,7.5,8.5
1910,0,7.5,8.5
1910,2,7.5,8.5
1911,0,7.5,8.5
1911,2,7.5,8.5
1912,0,7.5,8.5
1912,2,7.5,8.5
1913,0,7.5,8.5
1913,2,7.5,8.5
1914,0,7.5,8.5
1914,2,7.5,8.5
1915,0,7.5,8.5
1915,2,7.5,8.5
1916,0,7.5,8.5
1916,2,8.5,8.5
1917,0,7.5,8.5
1917,2,8.5,8.5
1918,0,7.5,8.5
1918,2,8.5,8.5
1919,0,7.5,8.5
1919,2,8.5,8.5
1920,0,8.5,8.5
1920,2,8.5,8.5
1921,0,8.5,8.5
1921,2,8.5,8.5
1922,0,8.5,8.5
1922,2,8.5,8.5
1923,0,8.5,8.5
1923,2,8.5,8.5
1924,0,8.5,8.5
1924,2,8.5,8.5
1925,0,8.5,8.5
1925,2,8.5,8.5
1926,0,8.5,8.5
1926,2,8.5,8.5
1927,0,8.5,8.5
1927,2,8.5,8.5
1928,0,8.5,8.5
1928,2,8.5,8.5
1929,0,8.5,8.5
1929,2,8.5,8.5
1930,0,8.5,8.5
1930,2,8.5,8.5
1931,0,8.5,8.5
1931,2,8.5,8.5
1932,0,8.5,8.5
1932,2,8.5,8.5
1933,0,8.5,8.5
1933,2,8.5,8.5
1934,0,8.5,8.5
1934,2,8.5,8.5
1935,0,8.5,8.5
1935,2,8.5,8.5
1936,0,8.5,8.5
1936,2,9.5,8.5
1937,0,8.5,8.5
1937,2,9.5,8.5
1938,0,8.5,8.5
1938,2,9.5,8.5
1939,0,8.5,8.5
1939,2,9.5,8.5
1940,0,9.5,8.5
1940,2,9.5,8.5
1941,0,9.5,8.5
1941,2,9.5,8.5
1942,0,9.5,8.5
1942,2,9.5,8.5
1943,0,9.5,8.5
1943,2,9.5,8.5
1944,0,9.5,8.5
1944,2,9.5,8.5
1945,0,9.5,8.5
1945,2,9.5,8.5
1946,0,9.5,8.5
1946,2,9.5,8.5
1947,0,9.5,8.5
1947,2,9.5,8.5
1948,0,9.5,8.5
1948,2,9.5,8.5
1949,0,9.5,8.5
1949,2,9.5,8.5
1950,0,9.5,8.5
1950,2,9.5,8.5
1951,0,9.5,8.5
1951,2,9.5,8.5
1952,0,9.5,8.5
1952,2,9.5,8.5
1953,0,9.5,8.5
1953,2,9.5,8.5
1954,0,9.5,8.5
1954,2,9.5,8.5
1955,0,9.5,8.5
1955,2,9.5,8.5
1956,0,9.5,8.5
1956,2,10.5,8.5
1957,0,9.5,8.5
1957,2,10.5,8.5
1958,0,9.5,8.5
1958,2,10.5,8.5
1959,0,9.5,8.5
1959,2,10.5,8.5
1960,0,10.5,8.5
1960,2,10.5,8.5
1961,0,10.5,8.5
1961,2,10.5,8.5
1962,0,10.5,8.5
1962,2,10.5,8.5
1963,0,10.5,8.5
1963,2,10.5,8.5
1964,0,10.5,8.5
1964,2,10.5,8.5
1965,0,10.5,8.5
1965,2,10.5,8.5
1966,0,10.5,8.5
1966,2,10.5,8.5
1967,0,10.5,8.5
1967,2,10.5,8.5
1968,0,10.5,8.5
1968,2,10.5,8.5
1969,0,10.5,8.5
1969,2,10.5,8.5
1970,0,10.5,8.5
1970,2,10.5,8.5
1971,0,10.5,8.5
1971,2,10.5,8.5
1972,0,10.5,8.5
1972,2,10.5,8.5
1973,0,10.5,8.5
1973,2,10.5,8.5
1974,0,10.5,8.5
1974,2,10.5,8.5
1975,0,10.5,8.5
1975,2,10.5,8.5
1976,0,10.5,8.5
1976,2,9.5,8.5
1977,0,10.5,8.5
1977,2,9.5,8.5
1978,0,10.5,8.5
1978,2,9.5,8.5
1979,0,10.5,8.5
1979,2,9.5,8.5
1980,0,0.5,9.5
1980,2,0.5,9.5
1981,0,0.5,9.5
1981,2,0.5,9.5
1982,0,0.5,9.5
1982,2,0.5,9.5
1983,0,0.5,9.5
1983,2,0.5,9.5
1984,0,0.5,9.5
1984,2,0.5,9.5
1985,0,0.5,9.5
1985,2,0.5,9.5
1986,0,0.5,9.5
1986,2,0.5,9.5
1987,0,0.5,9.5
1987,2,0.5,9.5
1988,0,0.5,9.5
1988,2,0.5,9.5
1989,0,0.5,9.5
1989,2,0.5,9.5
1990,0,0.5,9.5
1990,2,0.5,9.5
1991,0,0.5,9.5
1991,2,0.5,9.5
1992,0,0.5,9.5
1992,2,0.5,9.5
1993,0,0.5,9.5
1993,2,0.5,9.5
1994,0,0.5,9.5
1994,2,0.5,9.5
1995,0,0.5,9.5
1995,2,0.5,9.5
1996,0,0.5,9.5
1996,2,0.5,9.5
1997,0,0.5,9.5
1997,2,0.5,9.5
1998,0,0.5,9.5
1998,2,1.5,9.5
1999,0,0.5,9.5
1999,2,1.5,9.5
2000,0,1.5,9.5
2000,2,1.5,9.5
2001,0,1.5,9.5
2001,2,1.5,9.5
2002,0,1.5,9.5
2002,2,1.5,9.5
2003,0,1.5,9.5
2003,2,1.5,9.5
2004,0,1.5,9.5
2004,2,1.5,9.5
2005,0,1.5,9.5
2005,2,1.5,9.5
2006,0,1.5,9.5
2006,2,1.5,9.5
2007,0,1.5,9.5
2007,2,1.5,9.5
2008,0,1.5,9.5
2008,2,1.5,9.5
2009,0,1.5,9.5
2009,2,1.5,9.5
2010,0,1.5,9.5
2010,2,1.5,9.5
2011,0,1.5,9.5
2011,2,1.5,9.5
2012,0,1.5,9.5
2012,2,1.5,9.5
2013,0,1.5,9.5
2013,2,1.5,9.5
2014,0,1.5,9.5
2014,2,1.5,9.5
2015,0,1.5,9.5
2015,2,1.5,9.5
2016,0,1.5,9.5
2016,2,1.5,9.5
2017,0,1.5,9.5
2017,2,1.5,9.5
2018,0,1.5,9.5
2018,2,2.5,9.5
2019,0,1.5,9.5
2019,2,2.5,9.5
2020,0,2.5,9.5
2020,2,2.5,9.5
2021,0,2.5,9.5
2021,2,2.5,9.5
2022,0,2.5,9.5
2022,2,2.5,9.5
2023,0,2.5,9.5
2023,2,2.5,9.5
2024,0,2.5,9.5
2024,2,2.5,9.5
2025,0,2.5,9.5
2025,2,2.5,9.5
2026,0,2.5,9.5
2026,2,2.5,9.5
2027,0,2.5,9.5
2027,2,2.5,9.5
2028,0,2.5,9.5
2028,2,2.5,9.5
2029,0,2.5,9.5
2029,2,2.5,9.5
2030,0,2.5,9.5
2030,2,2.5,9.5
2031,0,2.5,9.5
2031,2,2.5,9.5
2032,0,2.5,9.5
2032,2,2.5,9.5
2033,0,2.5,9.5
2033,2,2.5,9.5
2034,0,2.5,9.5
2034,2,2.5,9.5
2035,0,2.5,9.5
2035,2,2.5,9.5
2036,0,2.5,9.5
2036,2,2.5,9.5
2037,0,2.5,9.5
2037,2,2.5,9.5
2038,0,2.5,9.5
2038,2,3.5,9.5
2039,0,2.5,9.5
2039,2,3.5,9.5
2040,0,3.5,9.5
2040,2,3.5,9.5
2041,0,3.5,9.5
2041,2,3.5,9.5
2042,0,3.5,9.5
2042,2,3.5,9.5
2043,0,3.5,9.5
2043,2,3.5,9.5
2044,0,3.5,9.5
2044,2,3.5,9.5
2045,0,3.5,9.5
2045,2,3.5,9.5
2046,0,3.5,9.5
2046,2,3.5,9.5
2047,0,3.5,9.5
2047,2,3.5,9.5
2048,0,3.5,9.5
2048,2,3.5,9.5
2049,0,3.5,9.5
2049,2,3.5,9.5
2050,0,3.5,9.5
2050,2,3.5,9.5
2051,0,3.5,9.5
2051,2,3.5,9.5
2052,0,3.5,9.5
2052,2,3.5,9.5
2053,0,3.5,9.5
2053,2,3.5,9.5
2054,0,3.5,9.5
2054,2,3.5,9.5
2055,0,3.5,9.5
2055,2,3.5,9.5
2056,0,3.5,9.5
2056,2,3.5,9.5
2057,0,3.5,9.5
2057,2,3.5,9.5
2058,0,3.5,9.5
2058,2,4.5,9.5
2059,0,3.5,9.5
2059,2,4.5,9.5
2060,0,4.5,9.5
2060,2,4.5,9.5
2061,0,4.5,9.5
2061,2,4.5,9.5
2062,0,4.5,9.5
2062,2,4.5,9.5
2063,0,4.5,9.5
2063,2,4.5,9.5
2064,0,4.5,9.5
2064,2,4.5,9.5
2065,0,4.5,9.5
2065,2,4.5,9.5
2066,0,4.5,9.5
2066,2,4.5,9.5
2067,0,4.5,9.5
2067,2,4.5,9.5
2068,0,4.5,9.5
2068,2,4.5,9.5
2069,0,4.5,9.5
2069,2,4.5,9.5
2070,0,4.5,9.5
2070,2,4.5,9.5
2071,0,4.5,9.5
2071,2,4.5,9.5
2072,0,4.5,9.5
2072,2,4.5,9.5
2073,0,4.5,9.5
2073,2,4.5,9.5
2074,0,4.5,9.5
2074,2,4.5,9.5
2075,0,4.5,9.5
2075,2,4.5,9.5
2076,0,4.5,9.5
2076,2,4.5,9.5
2077,0,4.5,9.5
2077,2,4.5,9.5
2078,0,4.5,9.5
2078,2,5.5,9.5
2079,0,4.5,9.5
2079,2,5.5,9.5
2080,0,5.5,9.5
2080,2,5.5,9.5
2081,0,5.5,9.5
2081,2,5.5,9.5
2082,0,5.5,9.5
2082,2,5.5,9.5
2083,0,5.5,9.5
2083,2,5.5,9.5
2084,0,5.5,9.5
2084,2,5.5,9.5
2085,0,5.5,9.5
2085,2,5.5,9.5
2086,0,5.5,9.5
2086,2,5.5,9.5
2087,0,5.5,9.5
2087,2,5.5,9.5
2088,0,5.5,9.5
2088,2,5.5,9.5
2089,0,5.5,9.5
2089,2,5.5,9.5
2090,0,5.5,9.5
2090,2,5.5,9.5
2091,0,5.5,9.5
2091,2,5.5,9.5
2092,0,5.5,9.5
2092,2,5.5,9.5
2093,0,5.5,9.5
2093,2,5.5,9.5
2094,0,5.5,9.5
2094,2,5.5,9.5
2095,0,5.5,9.5
2095,2,5.5,9.5
2096,0,5.5,9.5
2096,2,5.5,9.5
2097,0,5.5,9.5
2097,2,5.5,9.5
2098,0,5.5,9.5
2098,2,6.5,9.5
2099,0,5.5,9.5
2099,2,6.5,9.5
2100,0,6.5,9.5
2100,2,6.5,9.5
2101,0,6.5,9.5
2101,2,6.5,9.5
2102,0,6.5,9.5
2102,2,6.5,9.5
2103,0,6.5,9.5
2103,2,6.5,9.5
2104,0,6.5,9.5
2104,2,6.5,9.5
2105,0,6.5,9.5
2105,2,6.5,9.5
2106,0,6.5,9.5
2106,2,6.5,9.5
2107,0,6.5,9.5
2107,2,6.5,9.5
2108,0,6.5,9.5
2108,2,6.5,9.5
2109,0,6.5,9.5
2109,2,6.5,9.5
2110,0,6.5,9.5
2110,2,6.5,9.5
2111,0,6.5,9.5
2111,2,6.5,9.5
2112,0,6.5,9.5
2112,2,6.5,9.5
2113,0,6.5,9.5
2113,2,6.5,9.5
2114,0,6.5,9.5
2114,2,6.5,9.5
2115,0,6.5,9.5
2115,2,6.5,9.5
2116,0,6.5,9.5
2116,2,6.5,9.5
2117,0,6.5,9.5
2117,2,6.5,9.5
2118,0,6.5,9.5
2118,2,7.5,9.5
2119,0,6.5,9.5
2119,2,7.5,9.5
2120,0,7.5,9.5
2120,2,7.5,9.5
2121,0,7.5,9.5
2121,2,7.5,9.5
2122,0,7.5,9.5
2122,2,7.5,9.5
2123,0,7.5,9.5
2123,2,7.5,9.5
2124,0,7.5,9.5
2124,2,7.5,9.5
2125,0,7.5,9.5
2125,2,7.5,9.5
2126,0,7.5,9.5
2126,2,7.5,9.5
2127,0,7.5,9.5
2127,2,7.5,9.5
2128,0,7.5,9.5
2128,2,7.5,9.5
2129,0,7.5,9.5
2129,2,7.5,9.5
2130,0,7.5,9.5
2130,2,7.5,9.5
2131,0,7.5,9.5
2131,2,7.5,9.5
2132,0,7.5,9.5
2132,2,7.5,9.5
2133,0,7.5,9.5
2133,2,7.5,9.5
2134,0,7.5,9.5
2134,2,7.5,9.5
2135,0,7.5,9.5
2135,2,7.5,9.5
2136,0,7.5,9.5
2136,2,7.5,9.5
2137,0,7.5,9.5
2137,2,7.5,9.5
2138,0,7.5,9.5
2138,2,8.5,9.5
2139,0,7.5,9.5
2139,2,8.5,9.5
2140,0,8.5,9.5
2140,2,8.5,9.5
2141,0,8.5,9.5
2141,2,8.5,9.5
2142,0,8.5,9.5
2142,2,8.5,9.5
2143,0,8.5,9.5
2143,2,8.5,9.5
2144,0,8.5,9.5
2144,2,8.5,9.5
2145,0,8.5,9.5
2145,2,8.5,9.5
2146,0,8.5,9.5
2146,2,8.5,9.5
2147,0,8.5,9.5
2147,2,8.5,9.5
2148,0,8.5,9.5
2148,2,8.5,9.5
2149,0,8.5,9.5
2149,2,8.5,9.5
2150,0,8.5,9.5
2150,2,8.5,9.5
2151,0,8.5,9.5
2151,2,8.5,9.5
2152,0,8.5,9.5
2152,2,8.5,9.5
2153,0,8.5,9.5
2153,2,8.5,9.5
2154,0,8.5,9.5
2154,2,8.5,9.5
2155,0,8.5,9.5
2155,2,8.5,9.5
2156,0,8.5,9.5
2156,2,8.5,9.5
2157,0,8.5,9.5
2157,2,8.5,9.5
2158,0,8.5,9.5
2158,2,9.5,9.5
2159,0,8.5,9.5
2159,2,9.5,9.5
2160,0,9.5,9.5
2160,2,9.5,9.5
2161,0,9.5,9.5
2161,2,9.5,9.5
2162,0,9.5,9.5
2162,2,9.5,9.5
2163,0,9.5,9.5
2163,2,9.5,9.5
2164,0,9.5,9.5
2164,2,9.5,9.5
2165,0,9.5,9.5
2165,2,9.5,9.5
2166,0,9.5,9.5
2166,2,9.5,9.5
2167,0,9.5,9.5
2167,2,9.5,9.5
2168,0,9.5,9.5
2168,2,9.5,9.5
2169,0,9.5,9.5
2169,2,9.5,9.5
2170,0,9.5,9.5
2170,2,9.5,9.5
2171,0,9.5,9.5
2171,2,9.5,9.5
2172,0,9.5,9.5
2172,2,9.5,9.5
2173,0,9.5,9.5
2173,2,9.5,9.5
2174,0,9.5,9.5
2174,2,9.5,9.5
2175,0,9.5,9.5
2175,2,9.5,9.5
2176,0,9.5,9.5
2176,2,9.5,9.5
2177,0,9.5,9.5
2177,2,9.5,9.5
2178,0,9.5,9.5
2178,2,10.5,9.5
2179,0,9.5,9.5
2179,2,10.5,9.5
2180,0,10.5,9.5
2180,2,10.5,9.5
2181,0,10.5,9.5
2181,2,10.5,9.5
2182,0,10.5,9.5
2182,2,10.5,9.5
2183,0,10.5,9.5
2183,2,10.5,9.5
2184,0,10.5,9.5
2184,2,10.5,9.5
2185,0,10.5,9.5
2185,2,10.5,9.5
2186,0,10.5,9.5
2186,2,10.5,9.5
2187,0,10.5,9.5
2187,2,10.5,9.5
2188,0,10.5,9.5
2188,2,10.5,9.5
2189,0,10.5,9.5
2189,2,10.5,9.5
2190,0,10.5,9.5
2190,2,10.5,9.5
2191,0,10.5,9.5
2191,2,10.5,9.5
2192,0,10.5,9.5
2192,2,10.5,9.5
2193,0,10.5,9.5
2193,2,10.5,9.5
2194,0,10.5,9.5
2194,2,10.5,9.5
2195,0,10.5,9.5
2195,2,10.5,9.5
2196,0,10.5,9.5
2196,2,10.5,9.5
2197,0,10.5,9.5
2197,2,10.5,9.5
2198,0,10.5,9.5
2198,2,9.5,9.5
2199,0,10.5,9.5
2199,2,9.5,9.5
2200,0,0.5,10.5
2200,2,0.5,10.5
2201,0,0.5,10.5
2201,2,0.5,10.5
2202,0,0.5,10.5
2202,2,0.5,10.5
2203,0,0.5,10.5
2203,2,0.5,10.5
2204,0,0.5,10.5
2204,2,0.5,10.5
2205,0,0.5,10.5
2205,2,0.5,10.5
2206,0,0.5,10.5
2206,2,0.5,10.5
2207,0,0.5,10.5
2207,2,0.5,10.5
2208,0,0.5,10.5
2208,2,0.5,10.5
2209,0,0.5,10.5
2209,2,0.5,10.5
2210,0,0.5,10.5
2210,2,0.5,10.5
2211,0,0.5,10.5
2211,2,0.5,10.5
2212,0,0.5,10.5
2212,2,0.5,10.5
2213,0,0.5,10.5
2213,2,0.5,10.5
2214,0,0.5,10.5
2214,2,0.5,10.5
2215,0,0.5,10.5
2215,2,0.5,10.5
2216,0,0.5,10.5
2216,2,0.5,10.5
2217,0,0.5,10.5
2217,2,0.5,10.5
2218,0,0.5,10.5
2218,2,0.5,10.5
2219,0,0.5,10.5
2219,2,1.5,10.5
2220,0,1.5,10.5
2220,2,1.5,10.5
2221,0,1.5,10.5
2221,2,1.5,10.5
2222,0,1.5,10.5
2222,2,1.5,10.5
2223,0,1.5,10.5
2223,2,1.5,10.5
2224,0,1.5,10.5
2224,2,1.5,10.5
2225,0,1.5,10.5
2225,2,1.5,10.5
2226,0,1.5,10.5
2226,2,1.5,10.5
2227,0,1.5,10.5
2227,2,1.5,10.5
2228,0,1.5,10.5
2228,2,1.5,10.5
2229,0,1.5,10.5
2229,2,1.5,10.5
2230,0,1.5,10.5
2230,2,1.5,10.5
2231,0,1.5,10.5
2231,2,1.5,10.5
2232,0,1.5,10.5
2232,2,1.5,10.5
2233,0,1.5,10.5
2233,2,1.5,10.5
2234,0,1.5,10.5
2234,2,1.5,10.5
2235,0,1.5,10.5
2235,2,1.5,10.5
2236,0,1.5,10.5
2236,2,1.5,10.5
2237,0,1.5,10.5
2237,2,1.5,10.5
2238,0,1.5,10.5
2238,2,1.5,10.5
2239,0,1.5,10.5
2239,2,2.5,10.5
2240,0,2.5,10.5
2240,2,2.5,10.5
2241,0,2.5,10.5
2241,2,2.5,10.5
2242,0,2.5,10.5
2242,2,2.5,10.5
2243,0,2.5,10.5
2243,2,2.5,10.5
2244,0,2.5,10.5
2244,2,2.5,10.5
2245,0,2.5,10.5
2245,2,2.5,10.5
2246,0,2.5,10.5
2246,2,2.5,10.5
2247,0,2.5,10.5
2247,2,2.5,10.5
2248,0,2.5,10.5
2248,2,2.5,10.5
2249,0,2.5,10.5
2249,2,2.5,10.5
2250,0,2.5,10.5
2250,2,2.5,10.5
2251,0,2.5,10.5
2251,2,2.5,10.5
2252,0,2.5,10.5
2252,2,2.5,10.5
2253,0,2.5,10.5
2253,2,2.5,10.5
2254,0,2.5,10.5
2254,2,2.5,10.5
2255,0,2.5,10.5
2255,2,2.5,10.5
2256,0,2.5,10.5
2256,2,2.5,10.5
2257,0,2.5,10.5
2257,2,2.5,10.5
2258,0,2.5,10.5
2258,2,2.5,10.5
2259,0,2.5,10.5
2259,2,3.5,10.5
2260,0,3.5,10.5
2260,2,3.5,10.5
2261,0,3.5,10.5
2261,2,3.5,10.5
2262,0,3.5,10.5
2262,2,3.5,10.5
2263,0,3.5,10.5
2263,2,3.5,10.5
2264,0,3.5,10.5
2264,2,3.5,10.5
2265,0,3.5,10.5
2265,2,3.5,10.5
2266,0,3.5,10.5
2266,2,3.5,10.5
2267,0,3.5,10.5
2267,2,3.5,10.5
2268,0,3.5,10.5
2268,2,3.5,10.5
2269,0,3.5,10.5
2269,2,3.5,10.5
2270,0,3.5,10.5
2270,2,3.5,10.5
2271,0,3.5,10.5
2271,2,3.5,10.5
2272,0,3.5,10.5
2272,2,3.5,10.5
2273,0,3.5,10.5
2273,2,3.5,10.5
2274,0,3.5,10.5
2274,2,3.5,10.5
2275,0,3.5,10.5
2275,2,3.5,10.5
2276,0,3.5,10.5
2276,2,3.5,10.5
2277,0,3.5,10.5
2277,2,3.5,10.5
2278,0,3.5,10.5
2278,2,3.5,10.5
2279,0,3.5,10.5
2279,2,4.5,10.5
2280,0,4.5,10.5
2280,2,4.5,10.5
2281,0,4.5,10.5
2281,2,4.5,10.5
2282,0,4.5,10.5
2282,2,4.5,10.5
2283,0,4.5,10.5
2283,2,4.5,10.5
2284,0,4.5,10.5
2284,2,4.5,10.5
2285,0,4.5,10.5
2285,2,4.5,10.5
2286,0,4.5,10.5
2286,2,4.5,10.5
2287,0,4.5,10.5
2287,2,4.5,10.5
2288,0,4.5,10.5
2288,2,4.5,10.5
2289,0,4.5,10.5
2289,2,4.5,10.5
2290,0,4.5,10.5
2290,2,4.5,10.5
2291,0,4.5,10.5
2291,2,4.5,10.5
2292,0,4.5,10.5
2292,2,4.5,10.5
2293,0,4.5,10.5
2293,2,4.5,10.5
2294,0,4.5,10.5
2294,2,4.5,10.5
2295,0,4.5,10.5
2295,2,4.5,10.5
2296,0,4.5,10.5
2296,2,4.5,10.5
2297,0,4.5,10.5
2297,2,4.5,10.5
2298,0,4.5,10.5
2298,2,4.5,10.5
2299,0,4.5,10.5
2299,2,5.5,10.5
2300,0,5.5,10.5
2300,2,5.5,10.5
2301,0,5.5,10.5
2301,2,5.5,10.5
2302,0,5.5,10.5
2302,2,5.5,10.5
2303,0,5.5,10.5
2303,2,5.5,10.5
2304,0,5.5,10.5
2304,2,5.5,10.5
2305,0,5.5,10.5
2305,2,5.5,10.5
2306,0,5.5,10.5
2306,2,5.5,10.5
2307,0,5.5,10.5
2307,2,5.5,10.5
2308,0,5.5,10.5
2308,2,5.5,10.5
2309,0,5.5,10.5
2309,2,5.5,10.5
2310,0,5.5,10.5
2310,2,5.5,10.5
2311,0,5.5,10.5
2311,2,5.5,10.5
2312,0,5.5,10.5
2312,2,5.5,10.5
2313,0,5.5,10.5
2313,2,5.5,10.5
2314,0,5.5,10.5
2314,2,5.5,10.5
2315,0,5.5,10.5
2315,2,5.5,10.5
2316,0,5.5,10.5
2316,2,5.5,10.5
2317,0,5.5,10.5
2317,2,5.5,10.5
2318,0,5.5,10.5
2318,2,5.5,10.5
2319,0,5.5,10.5
2319,2,6.5,10.5
2320,0,6.5,10.5
2320,2,6.5,10.5
2321,0,6.5,10.5
2321,2,6.5,10.5
2322,0,6.5,10.5
2322,2,6.5,10.5
2323,0,6.5,10.5
2323,2,6.5,10.5
2324,0,6.5,10.5
2324,2,6.5,10.5
2325,0,6.5,10.5
2325,2,6.5,10.5
2326,0,6.5,10.5
2326,2,6.5,10.5
2327,0,6.5,10.5
2327,2,6.5,10.5
2328,0,6.5,10.5
2328,2,6.5,10.5
2329,0,6.5,10.5
2329,2,6.5,10.5
2330,0,6.5,10.5
2330,2,6.5,10.5
2331,0,6.5,10.5
2331,2,6.5,10.5
2332,0,6.5,10.5
2332,2,6.5,10.5
2333,0,6.5,10.5
2333,2,6.5,10.5
2334,0,6.5,10.5
2334,2,6.5,10.5
2335,0,6.5,10.5
2335,2,6.5,10.5
2336,0,6.5,10.5
2336,2,6.5,10.5
2337,0,6.5,10.5
2337,2,6.5,10.5
2338,0,6.5,10.5
2338,2,6.5,10.5
2339,0,6.5,10.5
2339,2,7.5,10.5
2340,0,7.5,10.5
2340,2,7.5,10.5
2341,0,7.5,10.5
2341,2,7.5,10.5
2342,0,7.5,10.5
2342,2,7.5,10.5
2343,0,7.5,10.5
2343,2,7.5,10.5
2344,0,7.5,10.5
2344,2,7.5,10.5
2345,0,7.5,10.5
2345,2,7.5,10.5
2346,0,7.5,10.5
2346,2,7.5,10.5
2347,0,7.5,10.5
2347,2,7.5,10.5
2348,0,7.5,10.5
2348,2,7.5,10.5
2349,0,7.5,10.5
2349,2,7.5,10.5
2350,0,7.5,10.5
2350,2,7.5,10.5
2351,0,7.5,10.5
2351,2,7.5,10.5
2352,0,7.5,10.5
2352,2,7.5,10.5
2353,0,7.5,10.5
2353,2,7.5,10.5
2354,0,7.5,10.5
2354,2,7.5,10.5
2355,0,7.5,10.5
2355,2,7.5,10.5
2356,0,7.5,10.5
2356,2,7.5,10.5
2357,0,7.5,10.5
2357,2,7.5,10.5
2358,0,7.5,10.5
2358,2,7.5,10.5
2359,0,7.5,10.5
2359,2,8.5,10.5
2360,0,8.5,10.5
2360,2,8.5,10.5
2361,0,8.5,10.5
2361,2,8.5,10.5
2362,0,8.5,10.5
2362,2,8.5,10.5
2363,0,8.5,10.5
2363,2,8.5,10.5
2364,0,8.5,10.5
2364,2,8.5,10.5
2365,0,8.5,10.5
2365,2,8.5,10.5
2366,0,8.5,10.5
2366,2,8.5,10.5
2367,0,8.5,10.5
2367,2,8.5,10.5
2368,0,8.5,10.5
2368,2,8.5,10.5
2369,0,8.5,10.5
2369,2,8.5,10.5
2370,0,8.5,10.5
2370,2,8.5,10.5
2371,0,8.5,10.5
2371,2,8.5,10.5
2372,0,8.5,10.5
2372,2,8.5,10.5
2373,0,8.5,10.5
2373,2,8.5,10.5
2374,0,8.5,10.5
2374,2,8.5,10.5
2375,0,8.5,10.5
2375,2,8.5,10.5
2376,0,8.5,10.5
2376,2,8.5,10.5
2377,0,8.5,10.5
2377,2,8.5,10.5
2378,0,8.5,10.5
2378,2,8.5,10.5
2379,0,8.5,10.5
2379,2,9.5,10.5
2380,0,9.5,10.5
2380,2,9.5,10.5
2381,0,9.5,10.5
2381,2,9.5,10.5
2382,0,9.5,10.5
2382,2,9.5,10.5
2383,0,9.5,10.5
2383,2,9.5,10.5
2384,0,9.5,10.5
2384,2,9.5,10.5
2385,0,9.5,10.5
2385,2,9.5,10.5
2386,0,9.5,10.5
2386,2,9.5,10.5
2387,0,9.5,10.5
2387,2,9.5,10.5
2388,0,9.5,10.5
2388,2,9.5,10.5
2389,0,9.5,10.5
2389,2,9.5,10.5
2390,0,9.5,10.5
2390,2,9.5,10.5
2391,0,9.5,10.5
2391,2,9.5,10.5
2392,0,9.5,10.5
2392,2,9.5,10.5
2393,0,9.5,10.5
2393,2,9.5,10.5
2394,0,9.5,10.5
2394,2,9.5,10.5
2395,0,9.5,10.5
2395,2,9.5,10.5
2396,0,9.5,10.5
2396,2,9.5,10.5
2397,0,9.5,10.5
2397,2,9.5,10.5
2398,0,9.5,10.5
2398,2,9.5,10.5
2399,0,9.5,10.5
2399,2,10.5,10.5
2400,0,10.5,10.5
2400,2,10.5,10.5
2401,0,10.5,10.5
2401,2,10.5,10.5
2402,0,10.5,10.5
2402,2,10.5,10.5
2403,0,10.5,10.5
2403,2,10.5,10.5
2404,0,10.5,10.5
2404,2,10.5,10.5
2405,0,10.5,10.5
2405,2,10.5,10.5
2406,0,10.5,10.5
2406,2,10.5,10.5
2407,0,10.5,10.5
2407,2,10.5,10.5
2408,0,10.5,10.5
2408,2,10.5,10.5
2409,0,10.5,10.5
2409,2,10.5,10.5
2410,0,10.5,10.5
2410,2,10.5,10.5
2411,0,10.5,10.5
2411,2,10.5,10.5
2412,0,10.5,10.5
2412,2,10.5,10.5
2413,0,10.5,10.5
2413,2,10.5,10.5
2414,0,10.5,10.5
2414,2,10.5,10.5
2415,0,10.5,10.5
2415,2,10.5,10.5
2416,0,10.5,10.5
2416,2,10.5,10.5
2417,0,10.5,10.5
2417,2,10.5,10.5
2418,0,10.5,10.5
2418,2,10.5,10.5
2419,0,10.5,10.5
2419,2,9.5,10.5
